user_name,user_id,state
Sophia Williams,U652606,active
Chloe Flores,U157612,active
Sophia Cook,U938803,deleted
Chloe Rogers,U144991,deleted
Aiden Morris,U556850,deleted
William Baker,U533030,active
Abigail Harris,U837978,deleted
Daniel Bennett,U872282,active
Aiden Allen,U288161,deleted
Isabella Watson,U295426,deleted
Chloe Wood,U346561,active
Alexander Bell,U617555,active
Madison Thomas,U934579,active
Noah Nelson,U292615,active
William Phillips,U833377,deleted
Daniel Phillips,U966556,active
Jayden Murphy,U472423,active
Emma King,U215381,active
Mia Mitchell,U891624,active
Ava Watson,U443006,active
Aiden Richardson,U806445,active
Emma Green,U358693,active
Abigail Hughes,U297015,active
Ethan Morris,U957176,active
Noah Adams,U963617,active
Alexander Cruz,U917218,active
Michael Parker,U266829,active
Sophia Thompson,U266217,deleted
Sophia Morgan,U153712,active
Sophia Thompson,U180698,active
Noah Thomas,U531649,active
Chloe Turner,U812256,active
Sophia Cox,U507687,active
Anthony Watson,U819537,active
William Allen,U979173,active
Ethan Hughes,U948417,active
Chloe Barnes,U119052,deleted
Ava Turner,U877257,active
Noah Hern,U176749,active
Madison Jackson,U522793,active
Alexander Reed,U213037,active
Michael Cox,U824115,active
Mia Hill,U511908,active
Madison Moore,U700516,active
Emily Miller,U700672,active
Emma Stewart,U476616,deleted
William Roberts,U977454,active
Isabella Gray,U401211,active
Alexander Stewart,U192467,active
William Gray,U139455,active
Sophia Watson,U189100,active
Olivia Price,U387250,active
