user_id,state,user_name
U531649,active,Noah Thomas
U346561,active,Chloe Wood
U917218,active,Alexander Cruz
U192467,active,Alexander Stewart
U401211,active,Isabella Gray
U966556,active,Daniel Phillips
U824115,active,Michael Cox
U144991,active,Chloe Rogers
U266829,active,Daniel Kelly
U812256,active,Chloe Turner
U979173,active,William Allen
U292615,active,Noah Nelson
U977454,active,William Roberts
U476616,active,Emma Stewart
U700672,active,Emily Miller
U806445,active,Aiden Richardson
U872282,active,Daniel Bennett
U387250,active,Olivia Price
U511908,active,Mia Hill
U297015,active,Abigail Hughes
U180698,active,Sophia Thompson
U652606,active,Sophia Williams
U507687,active,Sophia Cox
U139455,active,William Gray
U443006,active,Ava Watson
U213037,active,Alexander Reed
