key,en,da,es,fr,nl,no,pt-BR,sv,zh-Hans,cy,th
instructor_quiz_statistics,https://community.canvaslms.com/t5/Instructor-Guide/Once-I-publish-a-quiz-what-kinds-of-quiz-statistics-are/ta-p/659,https://community.canvaslms.com/t5/Dansk-Instrukt%C3%B8r-Guide/N%C3%A5r-jeg-har-offentliggjort-min-quiz-hvilke-typer-af-quiz/ta-p/440257,https://community.canvaslms.com/t5/Gu%C3%ADa-del-Instructor/Una-vez-que-haya-publicado-mi-evaluaci%C3%B3n-qu%C3%A9-tipos-de/ta-p/2287,https://community.canvaslms.com/t5/Francais-Guide-de-l-instructeur/Une-fois-que-j-ai-publi%C3%A9-mon-questionnaire-quels-types-de/ta-p/439406,https://community.canvaslms.com/t5/Nederlands-Instructeur-Gids/Welke-toetsstatistieken-zijn-er-beschikbaar-nadat-ik-een-toets/ta-p/440000,https://community.canvaslms.com/t5/Norsk-Instrukt%C3%B8r-Guiden/Hva-slags-statistikk-er-tilgjengelig-n%C3%A5r-jeg-har-publisert-en/ta-p/441153,https://community.canvaslms.com/t5/Guia-do-Instrutor/Uma-vez-que-eu-tenha-publicado-um-question%C3%A1rio-quais-tipos-de/ta-p/2721,https://community.canvaslms.com/t5/Svenska-Instrukt%C3%B6r-Guide/N%C3%A4r-jag-har-publicerat-en-quiz-vilken-quiz-statistik-finns/ta-p/442024,https://community.canvaslms.com/t5/%E6%8C%87%E5%8D%97%E4%B8%AD%E6%96%87%E7%89%88-%E8%AE%B2%E5%B8%88%E6%8C%87%E5%8D%97-instructor/%E4%B8%80%E6%97%A6%E6%B5%8B%E9%AA%8C%E5%8F%91%E5%B8%83%E5%90%8E-%E6%9C%89%E5%93%AA%E7%B1%BB%E6%B5%8B%E9%AA%8C%E7%BB%9F%E8%AE%A1%E6%95%B0%E6%8D%AE%E5%8F%AF%E4%BE%9B%E4%BD%BF%E7%94%A8/ta-p/440587,https://community.canvaslms.com/t5/Gymraeg-Canllaw-Addysgwyr/Ar-%C3%B4l-i-mi-gyhoeddi-cwis-pa-fath-o-ystadegau-cwis-fydd-ar-gael/ta-p/441818,
admin_hangouts_meet_lti,https://community.canvaslms.com/t5/Admin-Group/Google-Hangouts-Meet-LTI/ba-p/257649,,,,,,,,,,
admin_teams_meetings,https://community.canvaslms.com/t5/Admin-Group/Microsoft-Teams-Meetings-in-Canvas/ba-p/256340,,,,,,,,,,
admin_zoom_meetings_faq,https://community.canvaslms.com/t5/Admin-Group/Using-Zoom-with-Canvas-FAQ/ba-p/261826,,,,,,,,,,
admin_zoom_meetings_faq_start,https://community.canvaslms.com/t5/Admin-Group/Using-Zoom-with-Canvas-FAQ/ba-p/261826#toc-hId--1170907065,,,,,,,,,,
admin_zoom_meetings_faq_add,https://community.canvaslms.com/t5/Admin-Group/Using-Zoom-with-Canvas-FAQ/ba-p/261826#toc-hId--1295024148,,,,,,,,,,
admin_zoom_meetings_faq_storage,https://community.canvaslms.com/t5/Admin-Group/Using-Zoom-with-Canvas-FAQ/ba-p/261826#toc-hId--1387179659,,,,,,,,,,
admin_zoom_meetings_faq_camera,https://community.canvaslms.com/t5/Admin-Group/Using-Zoom-with-Canvas-FAQ/ba-p/261826#toc-hId--1619578790,,,,,,,,,,
admin_zoom_meetings_faq_record,https://community.canvaslms.com/t5/Admin-Group/Using-Zoom-with-Canvas-FAQ/ba-p/261826#toc-hId--1980253691,,,,,,,,,,
admin_zoom_meetings_faq_participants,https://community.canvaslms.com/t5/Admin-Group/Using-Zoom-with-Canvas-FAQ/ba-p/261826#toc-hId--237443356,,,,,,,,,,
admin_zoom_meetings_faq_invite,https://community.canvaslms.com/t5/Admin-Group/Using-Zoom-with-Canvas-FAQ/ba-p/261826#toc-hId--361560439,,,,,,,,,,
admin_zoom_meetings_faq_mute,https://community.canvaslms.com/t5/Admin-Group/Using-Zoom-with-Canvas-FAQ/ba-p/261826#toc-hId--810232164,,,,,,,,,,
admin_zoom_meetings_faq_screenshare,https://community.canvaslms.com/t5/Admin-Group/Using-Zoom-with-Canvas-FAQ/ba-p/261826#toc-hId-123231545,,,,,,,,,,
admin_zoom_meetings_faq_share_record,https://community.canvaslms.com/t5/Admin-Group/Using-Zoom-with-Canvas-FAQ/ba-p/261826#toc-hId-1866041880,,,,,,,,,,
admin_zoom_meetings_faq_schedule,https://community.canvaslms.com/t5/Admin-Group/Using-Zoom-with-Canvas-FAQ/ba-p/261826#toc-hId-447786187,,,,,,,,,,
admin_add_course,https://community.canvaslms.com/t5/Admin-Guide/How-do-I-add-a-course-in-an-account-as-an-admin/ta-p/158,https://community.canvaslms.com/t5/Dansk-Administrator-Guide/Hvordan-tilf%C3%B8jer-jeg-et-fag-i-en-konto-som-administrator/ta-p/473320,https://community.canvaslms.com/t5/Gu%C3%ADa-de-Administraci%C3%B3n/C%C3%B3mo-agrego-un-curso-en-una-cuenta-como-administrador/ta-p/472991,https://community.canvaslms.com/t5/Francais-Guide-de-l/Comment-ajouter-un-cours-%C3%A0-un-compte-en-tant-qu-administrateur/ta-p/473393,https://community.canvaslms.com/t5/Nederlands-Beheerders-Gids/Hoe-voeg-ik-als-beheerder-een-cursus-toe-aan-een-account/ta-p/473261,https://community.canvaslms.com/t5/Norsk-Administrator-Guiden/Hvordan-legger-jeg-til-et-emne-i-kontoen-som-admin/ta-p/473433,https://community.canvaslms.com/t5/Guia-do-Administrador/Como-adiciono-um-curso-a-uma-conta-como-administrador/ta-p/473142,https://community.canvaslms.com/t5/Svenska-Administrat%C3%B6r-Guide/Hur-l%C3%A4gger-jag-till-en-kurs-i-ett-konto-som-administrat%C3%B6r/ta-p/473429,https://community.canvaslms.com/t5/%E6%8C%87%E5%8D%97%E4%B8%AD%E6%96%87%E7%89%88-%E7%AE%A1%E7%90%86%E5%91%98%E6%8C%87%E5%8D%97-admin/%E4%BD%9C%E4%B8%BA%E7%AE%A1%E7%90%86%E5%91%98-%E6%88%91%E8%AF%A5%E5%A6%82%E4%BD%95%E5%9C%A8%E5%B8%90%E6%88%B7%E4%B8%AD%E6%B7%BB%E5%8A%A0%E8%AF%BE%E7%A8%8B/ta-p/473370,https://community.canvaslms.com/t5/Gymraeg-Canllaw-Gweinyddwyr/Sut-ydw-i-n-ychwanegu-cwrs-at-gyfrif-fel-gweinyddwr/ta-p/473343,
admin_add_users,https://community.canvaslms.com/t5/Admin-Guide/How-do-I-add-users-to-an-account/ta-p/90,https://community.canvaslms.com/t5/Dansk-Administrator-Guide/Hvordan-tilf%C3%B8jer-jeg-brugere-til-en-konto/ta-p/473322,https://community.canvaslms.com/t5/Gu%C3%ADa-de-Administraci%C3%B3n/C%C3%B3mo-agrego-usuarios-a-una-cuenta/ta-p/472994,https://community.canvaslms.com/t5/Francais-Guide-de-l/Comment-ajouter-des-utilisateurs-%C3%A0-un-compte/ta-p/473397,https://community.canvaslms.com/t5/Nederlands-Beheerders-Gids/Hoe-voeg-ik-gebruikers-toe-aan-een-account/ta-p/473260,https://community.canvaslms.com/t5/Norsk-Administrator-Guiden/Hvordan-legger-jeg-til-brukere-i-en-konto/ta-p/473432,https://community.canvaslms.com/t5/Guia-do-Administrador/Como-fa%C3%A7o-para-adicionar-usu%C3%A1rios-a-uma-conta/ta-p/473138,https://community.canvaslms.com/t5/Svenska-Administrat%C3%B6r-Guide/Hur-l%C3%A4gger-jag-till-anv%C3%A4ndare-till-ett-konto/ta-p/473426,https://community.canvaslms.com/t5/%E6%8C%87%E5%8D%97%E4%B8%AD%E6%96%87%E7%89%88-%E7%AE%A1%E7%90%86%E5%91%98%E6%8C%87%E5%8D%97-admin/%E6%88%91%E8%AF%A5%E5%A6%82%E4%BD%95%E7%BB%99%E5%B8%90%E6%88%B7%E6%B7%BB%E5%8A%A0%E7%94%A8%E6%88%B7/ta-p/473368,https://community.canvaslms.com/t5/Gymraeg-Canllaw-Gweinyddwyr/Sut-ydw-i-n-ychwanegu-defnyddwyr-at-gyfrif/ta-p/473340,
admin_import_sis,https://community.canvaslms.com/t5/Admin-Guide/How-do-I-import-SIS-data-to-a-Canvas-account/ta-p/98,https://community.canvaslms.com/t5/Dansk-Administrator-Guide/Hvordan-importerer-jeg-SIS-data-til-en-Canvas-konto/ta-p/473321,https://community.canvaslms.com/t5/Gu%C3%ADa-de-Administraci%C3%B3n/C%C3%B3mo-importo-datos-de-SIS-a-una-cuenta-de-Canvas/ta-p/472931,https://community.canvaslms.com/t5/Francais-Guide-de-l/Comment-importer-des-donn%C3%A9es-SIS-dans-un-compte-Canvas/ta-p/473394,https://community.canvaslms.com/t5/Nederlands-Beheerders-Gids/Hoe-importeer-ik-SIS-gegevens-naar-een-Canvas-account/ta-p/473257,https://community.canvaslms.com/t5/Norsk-Administrator-Guiden/Hvordan-importerer-jeg-SIS-data-til-en-Canvas-konto/ta-p/473431,https://community.canvaslms.com/t5/Guia-do-Administrador/Como-fa%C3%A7o-para-importar-dados-SIS-para-uma-conta-do-Canvas/ta-p/473079,https://community.canvaslms.com/t5/Svenska-Administrat%C3%B6r-Guide/Hur-importerar-jag-SIS-data-till-ett-Canvas-konto/ta-p/473428,https://community.canvaslms.com/t5/%E6%8C%87%E5%8D%97%E4%B8%AD%E6%96%87%E7%89%88-%E7%AE%A1%E7%90%86%E5%91%98%E6%8C%87%E5%8D%97-admin/%E6%88%91%E8%AF%A5%E5%A6%82%E4%BD%95%E6%8A%8A-SIS-%E6%95%B0%E6%8D%AE%E5%AF%BC%E5%85%A5%E8%87%B3-Canvas-%E5%B8%90%E6%88%B7/ta-p/473369,https://community.canvaslms.com/t5/Gymraeg-Canllaw-Gweinyddwyr/Sut-ydw-i-n-mewngludo-data-SIS-i-gyfrif-Canvas/ta-p/473342,
admin_app_center_allowlist,https://community.canvaslms.com/t5/Admin-Guide/How-do-I-manage-a-whitelist-in-the-Edu-App-Center/ta-p/203,https://community.canvaslms.com/t5/Dansk-Administrator-Guide/Hvordan-administrerer-jeg-en-tilladelsesliste-i-Edu-App-Center/ta-p/439599,https://community.canvaslms.com/t5/Gu%C3%ADa-de-Administraci%C3%B3n/C%C3%B3mo-administro-una-lista-de-permitidos-en-Edu-App-Center/ta-p/2126,https://community.canvaslms.com/t5/Francais-Guide-de-l/Comment-g%C3%A9rer-une-liste-d-autorisations-dans-le-centre-d/ta-p/439179,https://community.canvaslms.com/t5/Nederlands-Beheerders-Gids/Hoe-beheer-ik-een-acceptatielijst-in-het-Edu-App-Center/ta-p/439805,https://community.canvaslms.com/t5/Norsk-Administrator-Guiden/Hvordan-behandler-jeg-en-tillatelsesliste-i-Edu-App-senter/ta-p/441057,https://community.canvaslms.com/t5/Guia-do-Administrador/Como-fa%C3%A7o-para-gerenciar-uma-lista-de-permiss%C3%B5es-no-Edu-App/ta-p/2458,https://community.canvaslms.com/t5/Svenska-Administrat%C3%B6r-Guide/Hur-hanterar-jag-en-lista-%C3%B6ver-till%C3%A5tna-appar-i-Edu-App-Center/ta-p/441424,https://community.canvaslms.com/t5/%E6%8C%87%E5%8D%97%E4%B8%AD%E6%96%87%E7%89%88-%E7%AE%A1%E7%90%86%E5%91%98%E6%8C%87%E5%8D%97-admin/%E5%A6%82%E4%BD%95%E5%9C%A8%E6%95%99%E8%82%B2%E5%BA%94%E7%94%A8%E7%A8%8B%E5%BA%8F%E4%B8%AD%E5%BF%83%E7%AE%A1%E7%90%86%E5%85%81%E8%AE%B8%E5%88%97%E8%A1%A8/ta-p/440300,https://community.canvaslms.com/t5/Gymraeg-Canllaw-Gweinyddwyr/Sut-ydw-i-n-rheoli-rhestr-o-gyfeiriadau-wedi-u-caniat%C3%A1u-yn-yr/ta-p/441696,
admin_custom_js_css,https://community.canvaslms.com/t5/Admin-Guide/How-do-I-upload-custom-JavaScript-and-CSS-files-to-an-account/ta-p/253,https://community.canvaslms.com/t5/Dansk-Administrator-Guide/Hvordan-uploader-jeg-brugerdefinerede-JavaScript-og-CSS-filer/ta-p/439613,https://community.canvaslms.com/t5/Gu%C3%ADa-de-Administraci%C3%B3n/C%C3%B3mo-puedo-subir-archivos-JavaScript-y-CSS-personalizados-a-una/ta-p/2127,https://community.canvaslms.com/t5/Francais-Guide-de-l/Comment-puis-je-t%C3%A9l%C3%A9charger-des-fichiers-JavaScript-et-CSS/ta-p/439213,https://community.canvaslms.com/t5/Nederlands-Beheerders-Gids/Hoe-upload-ik-aangepaste-JavaScript-en-CSS-bestanden-naar-een/ta-p/439802,https://community.canvaslms.com/t5/Norsk-Administrator-Guiden/Hvordan-laster-jeg-opp-egendefinerte-JavaScript-og-CSS-filer-til/ta-p/441078,https://community.canvaslms.com/t5/Guia-do-Administrador/Como-carregar-arquivos-personalizados-JavaScript-e-CSS-em-uma/ta-p/2477,https://community.canvaslms.com/t5/Svenska-Administrat%C3%B6r-Guide/Hur-laddar-jag-upp-anpassade-JavaScript-och-CSS-filer-till-ett/ta-p/441463,https://community.canvaslms.com/t5/%E6%8C%87%E5%8D%97%E4%B8%AD%E6%96%87%E7%89%88-%E7%AE%A1%E7%90%86%E5%91%98%E6%8C%87%E5%8D%97-admin/%E5%A6%82%E4%BD%95%E5%B0%86%E8%87%AA%E5%AE%9A%E4%B9%89-JavaScript-%E5%92%8C-CSS-%E6%96%87%E4%BB%B6%E4%B8%8A%E4%BC%A0%E5%88%B0%E5%B8%90%E6%88%B7/ta-p/440406,https://community.canvaslms.com/t5/Gymraeg-Canllaw-Gweinyddwyr/Sut-ydw-i-n-llwytho-ffeiliau-JavaScript-a-CSS-personol-i-fyny-i/ta-p/441702,
admin_training_services_portal,https://community.canvaslms.com/t5/Admin-Guide/How-do-I-use-the-Training-Services-Portal-as-an-admin/ta-p/198,https://community.canvaslms.com/t5/Dansk-Administrator-Guide/Hvordan-bruger-jeg-tr%C3%A6ningsserviceportalen-som-admin/ta-p/473318,https://community.canvaslms.com/t5/Gu%C3%ADa-de-Administraci%C3%B3n/C%C3%B3mo-uso-el-Portal-de-servicios-de-capacitaci%C3%B3n-como/ta-p/472934,https://community.canvaslms.com/t5/Francais-Guide-de-l/Comment-utiliser-le-Portail-des-services-de-formation-Training/ta-p/473391,https://community.canvaslms.com/t5/Nederlands-Beheerders-Gids/Hoe-gebruik-ik-het-het-Portal-voor-trainingservices-als/ta-p/473255,https://community.canvaslms.com/t5/Norsk-Administrator-Guiden/Hvordan-bruker-jeg-Oppl%C3%A6ringstjenesteportalen-som-en-admin/ta-p/473430,https://community.canvaslms.com/t5/Guia-do-Administrador/Como-uso-o-Portal-de-Servi%C3%A7os-de-Treinamento-como-administrador/ta-p/473082,https://community.canvaslms.com/t5/Svenska-Administrat%C3%B6r-Guide/Hur-anv%C3%A4nder-jag-Portalen-f%C3%B6r-utbildningstj%C3%A4nster-som/ta-p/473425,https://community.canvaslms.com/t5/%E6%8C%87%E5%8D%97%E4%B8%AD%E6%96%87%E7%89%88-%E7%AE%A1%E7%90%86%E5%91%98%E6%8C%87%E5%8D%97-admin/%E4%BD%9C%E4%B8%BA%E7%AE%A1%E7%90%86%E5%91%98-%E6%88%91%E8%AF%A5%E5%A6%82%E4%BD%95%E4%BD%BF%E7%94%A8%E5%9F%B9%E8%AE%AD%E6%9C%8D%E5%8A%A1%E9%97%A8%E6%88%B7%E7%BD%91%E7%AB%99/ta-p/473367,https://community.canvaslms.com/t5/Gymraeg-Canllaw-Gweinyddwyr/Sut-ydw-i-n-defnyddio-r-Porth-Gwasanaethau-Hyfforddi-fel/ta-p/473341,
basics_announcements,https://community.canvaslms.com/t5/Canvas-Basics-Guide/What-are-Announcements/ta-p/39,https://community.canvaslms.com/t5/Dansk-Grundl%C3%A6ggende-Guide/Hvad-er-bekendtg%C3%B8relser/ta-p/439553,https://community.canvaslms.com/t5/Gu%C3%ADa-del-Esencial/Qu%C3%A9-son-los-Anuncios/ta-p/1597,https://community.canvaslms.com/t5/Francais-Guide-de-l-instructeur/Qu-est-ce-que-les-annonces/ta-p/439304,https://community.canvaslms.com/t5/Nederlands-Instructeur-Gids/Wat-zijn-Aankondigingen/ta-p/439914,https://community.canvaslms.com/t5/Norsk-Grunnleggende-Guiden/Hva-er-kunngj%C3%B8ringer/ta-p/441047,https://community.canvaslms.com/t5/Guia-B%C3%A1sico/O-que-s%C3%A3o-An%C3%BAncios/ta-p/1654,https://community.canvaslms.com/t5/Svenska-Grundl%C3%A4ggande/Vad-%C3%A4r-en-Meddelande/ta-p/441396,https://community.canvaslms.com/t5/%E6%8C%87%E5%8D%97%E4%B8%AD%E6%96%87%E7%89%88-%E8%AE%B2%E5%B8%88%E6%8C%87%E5%8D%97-instructor/%E4%BB%80%E4%B9%88%E6%98%AF%E9%80%9A%E5%91%8A/ta-p/440520,https://community.canvaslms.com/t5/Gymraeg-Nodweddion-Sylfaenol/Beth-yw-Cyhoeddiadau/ta-p/441672,
basics_collaborations,https://community.canvaslms.com/t5/Canvas-Basics-Guide/What-are-Collaborations/ta-p/61,https://community.canvaslms.com/t5/Dansk-Grundl%C3%A6ggende-Guide/Hvad-er-samarbejder/ta-p/439551,https://community.canvaslms.com/t5/Gu%C3%ADa-del-Esencial/Qu%C3%A9-son-las-colaboraciones/ta-p/1603,https://community.canvaslms.com/t5/Francais-Guide-de-l-instructeur/Qu-est-ce-que-la-fonction-Collaborations/ta-p/439379,https://community.canvaslms.com/t5/Nederlands-Basis-Gids/Wat-zijn-Samenwerkingen/ta-p/439763,https://community.canvaslms.com/t5/Norsk-Grunnleggende-Guiden/Hva-er-samarbeid/ta-p/441037,https://community.canvaslms.com/t5/Guia-B%C3%A1sico/O-que-s%C3%A3o-Colabora%C3%A7%C3%B5es/ta-p/1662,https://community.canvaslms.com/t5/Svenska-Grundl%C3%A4ggande/Vad-%C3%A4r-Samarbeten/ta-p/441384,https://community.canvaslms.com/t5/%E6%8C%87%E5%8D%97%E4%B8%AD%E6%96%87%E7%89%88-%E8%AE%B2%E5%B8%88%E6%8C%87%E5%8D%97-instructor/%E4%BB%80%E4%B9%88%E6%98%AF%E5%8D%8F%E4%BD%9C/ta-p/440445,https://community.canvaslms.com/t5/Gymraeg-Nodweddion-Sylfaenol/Beth-yw-Cydweithrediadau/ta-p/441659,
basics_browser_requirements,https://community.canvaslms.com/t5/Canvas-Basics-Guide/What-are-the-browser-and-computer-requirements-for-Canvas/ta-p/66,https://community.canvaslms.com/t5/Dansk-Grundl%C3%A6ggende-Guide/Hvad-er-browser-og-computerkravene-til-Canvas/ta-p/439555,https://community.canvaslms.com/t5/Gu%C3%ADa-del-Esencial/Cu%C3%A1les-son-los-requisitos-de-navegador-y-computadora-para-Canvas/ta-p/1588,https://community.canvaslms.com/t5/Francais-Informations-G%C3%A9n%C3%A9rale/Quelles-sont-les-exigences-en-mati%C3%A8re-de-navigateur-et-d/ta-p/439431,https://community.canvaslms.com/t5/Nederlands-Basis-Gids/Wat-zijn-de-browser-en-computervereisten-voor-Canvas/ta-p/439789,https://community.canvaslms.com/t5/Norsk-Grunnleggende-Guiden/Hva-er-nettleser-og-datamaskinkravene-for-Canvas/ta-p/441022,https://community.canvaslms.com/t5/Guia-B%C3%A1sico/Quais-s%C3%A3o-os-requisitos-de-navegador-e-computador-para-o-Canvas/ta-p/1671,https://community.canvaslms.com/t5/Svenska-Grundl%C3%A4ggande/Vilka-krav-st%C3%A4ller-Canvas-p%C3%A5-webbl%C3%A4sare-och-datorer/ta-p/441421,https://community.canvaslms.com/t5/%E6%8C%87%E5%8D%97%E4%B8%AD%E6%96%87%E7%89%88-%E5%9F%BA%E6%9C%AC%E6%8C%87%E5%8D%97-basics/Canvas-%E5%AF%B9%E6%B5%8F%E8%A7%88%E5%99%A8%E5%92%8C%E8%AE%A1%E7%AE%97%E6%9C%BA%E7%9A%84%E8%A6%81%E6%B1%82%E6%98%AF%E4%BB%80%E4%B9%88/ta-p/440241,https://community.canvaslms.com/t5/Gymraeg-Nodweddion-Sylfaenol/Beth-yw-r-gofynion-cyfrifiadur-a-r-gofynion-porwr-gyfer-Canvas/ta-p/441643,
basics_speedgrader,https://community.canvaslms.com/t5/Canvas-Basics-Guide/What-is-SpeedGrader/ta-p/13,https://community.canvaslms.com/t5/Dansk-Grundl%C3%A6ggende-Guide/Hvad-er-SpeedGrader/ta-p/439544,https://community.canvaslms.com/t5/Gu%C3%ADa-del-Esencial/Qu%C3%A9-es-SpeedGrader/ta-p/1570,https://community.canvaslms.com/t5/Francais-Guide-de-l-instructeur/Qu-est-ce-que-SpeedGrader/ta-p/439356,https://community.canvaslms.com/t5/Nederlands-Basis-Gids/Wat-is-SpeedGrader/ta-p/439748,https://community.canvaslms.com/t5/Norsk-Grunnleggende-Guiden/Hva-er-SpeedGrader/ta-p/441011,https://community.canvaslms.com/t5/Guia-do-Instrutor/O-que-%C3%A9-SpeedGrader/ta-p/2652,https://community.canvaslms.com/t5/Svenska-Grundl%C3%A4ggande/Vad-%C3%A4r-SpeedGrader/ta-p/441407,https://community.canvaslms.com/t5/%E6%8C%87%E5%8D%97%E4%B8%AD%E6%96%87%E7%89%88-%E5%9F%BA%E6%9C%AC%E6%8C%87%E5%8D%97-basics/%E4%BB%80%E4%B9%88%E6%98%AFSpeedGrader/ta-p/440274,https://community.canvaslms.com/t5/Gymraeg-Nodweddion-Sylfaenol/Beth-yw-SpeedGrader/ta-p/441675,
canvas_for_elementary,https://community.canvaslms.com/t5/Canvas-for-Elementary/tkb-p/k5tkb-board,,,,,,,,,,
guides_home,https://community.canvaslms.com/t5/Canvas/ct-p/canvas,https://community.canvaslms.com/t5/Guider-p%C3%A5-Dansk-Danish/ct-p/guide_danish,https://community.canvaslms.com/t5/Gu%C3%ADas-en-Espa%C3%B1ol-Spanish/ct-p/espanol_guides,https://community.canvaslms.com/t5/Guides-en-Fran%C3%A7ais-French/ct-p/guide_french,https://community.canvaslms.com/t5/Gidsen-in-het-Nederlands-Dutch/ct-p/guide_dutch,https://community.canvaslms.com/t5/Guider-p%C3%A5-Norsk-Norwegian/ct-p/guide_norwegian,https://community.canvaslms.com/t5/Guias-em-Portugu%C3%AAs-Portuguese/ct-p/portuguese_guides,https://community.canvaslms.com/t5/Guider-p%C3%A5-Svenska-Swedish/ct-p/guide-swedish,https://community.canvaslms.com/t5/%E4%B8%AD%E6%96%87%E6%8C%87%E5%8D%97-Chinese/ct-p/guide_chinese,https://community.canvaslms.com/t5/Canllawiau-yn-Gymraeg-Welsh/ct-p/guide_welsh,
contingency_30_minute_quickstart,https://community.canvaslms.com/t5/Contingency-Planning/Set-Up-Your-Canvas-Course-in-30-minutes-or-Less/ba-p/258437,,,,,,,,,,
contingency_web_conferencing,https://community.canvaslms.com/t5/Contingency-Planning/Web-Conferencing-Resources/ba-p/262674,,,,,,,,,,
contingency_covid,https://community.canvaslms.com/t5/Contingency-Planning/gh-p/contingency,,,,,,,,,,
guides_by_product,https://community.canvaslms.com/t5/Guides/ct-p/guides,https://community.canvaslms.com/t5/Guider-p%C3%A5-Dansk-Danish/ct-p/guide_danish,https://community.canvaslms.com/t5/Gu%C3%ADas-en-Espa%C3%B1ol-Spanish/ct-p/espanol_guides,https://community.canvaslms.com/t5/Guides-en-Fran%C3%A7ais-French/ct-p/guide_french,https://community.canvaslms.com/t5/Gidsen-in-het-Nederlands-Dutch/ct-p/guide_dutch,https://community.canvaslms.com/t5/Guider-p%C3%A5-Norsk-Norwegian/ct-p/guide_norwegian,https://community.canvaslms.com/t5/Guias-em-Portugu%C3%AAs-Portuguese/ct-p/portuguese_guides,https://community.canvaslms.com/t5/Guider-p%C3%A5-Svenska-Swedish/ct-p/guide-swedish,https://community.canvaslms.com/t5/%E4%B8%AD%E6%96%87%E6%8C%87%E5%8D%97-Chinese/ct-p/guide_chinese,https://community.canvaslms.com/t5/Canllawiau-yn-Gymraeg-Welsh/ct-p/guide_welsh,
instructor_add_module,https://community.canvaslms.com/t5/Instructor-Guide/How-do-I-add-a-module/ta-p/1151,https://community.canvaslms.com/t5/Dansk-Instrukt%C3%B8r-Guide/Hvordan-tilf%C3%B8jer-jeg-et-modul/ta-p/440150,https://community.canvaslms.com/t5/Gu%C3%ADa-del-Instructor/C%C3%B3mo-agrego-un-m%C3%B3dulo/ta-p/2261,https://community.canvaslms.com/t5/Francais-Guide-de-l-instructeur/Comment-cr%C3%A9er-un-module/ta-p/439233,https://community.canvaslms.com/t5/Nederlands-Instructeur-Gids/Hoe-voeg-ik-een-module-toe/ta-p/439948,https://community.canvaslms.com/t5/Norsk-Instrukt%C3%B8r-Guiden/Hvordan-legger-jeg-til-en-modul/ta-p/441207,https://community.canvaslms.com/t5/Guia-do-Instrutor/Como-eu-adiciono-um-M%C3%B3dulo/ta-p/2731,https://community.canvaslms.com/t5/Svenska-Instrukt%C3%B6r-Guide/Hur-l%C3%A4gger-jag-till-en-modul/ta-p/442067,https://community.canvaslms.com/t5/%E6%8C%87%E5%8D%97%E4%B8%AD%E6%96%87%E7%89%88-%E8%AE%B2%E5%B8%88%E6%8C%87%E5%8D%97-instructor/%E6%88%91%E5%A6%82%E4%BD%95%E6%B7%BB%E5%8A%A0%E4%B8%80%E4%B8%AA%E5%8D%95%E5%85%83/ta-p/440559,https://community.canvaslms.com/t5/Gymraeg-Canllaw-Addysgwyr/Sut-ydw-i-n-ychwanegu-modiwl/ta-p/441835,
instructor_add_rubric_course,https://community.canvaslms.com/t5/Instructor-Guide/How-do-I-add-a-rubric-in-a-course/ta-p/842,https://community.canvaslms.com/t5/Dansk-Instrukt%C3%B8r-Guide/Hvordan-tilf%C3%B8jer-jeg-en-rubrik-i-et-fag/ta-p/440169,https://community.canvaslms.com/t5/Gu%C3%ADa-del-Instructor/C%C3%B3mo-agrego-una-r%C3%BAbrica-en-un-curso/ta-p/2276,https://community.canvaslms.com/t5/Francais-Guide-de-l-instructeur/Comment-ajouter-un-bar%C3%A8me-dans-un-cours/ta-p/439393,https://community.canvaslms.com/t5/Nederlands-Instructeur-Gids/Hoe-voeg-ik-een-rubriek-aan-een-cursus-toe/ta-p/439906,https://community.canvaslms.com/t5/Norsk-Instrukt%C3%B8r-Guiden/Hvordan-legger-jeg-til-en-rubrikk-i-et-emne/ta-p/441198,https://community.canvaslms.com/t5/Guia-do-Instrutor/Como-adicionar-uma-rubrica-a-um-curso/ta-p/2651,https://community.canvaslms.com/t5/Svenska-Instrukt%C3%B6r-Guide/Hur-l%C3%A4gger-jag-till-en-rubrik-i-en-kurs/ta-p/442032,https://community.canvaslms.com/t5/%E6%8C%87%E5%8D%97%E4%B8%AD%E6%96%87%E7%89%88-%E8%AE%B2%E5%B8%88%E6%8C%87%E5%8D%97-instructor/%E5%A6%82%E4%BD%95%E5%B0%86%E8%AF%84%E5%88%86%E7%BB%86%E5%88%99%E6%B7%BB%E5%8A%A0%E5%88%B0%E8%AF%BE%E7%A8%8B/ta-p/440557,https://community.canvaslms.com/t5/Gymraeg-Canllaw-Addysgwyr/Sut-ydw-i-n-ychwanegu-cyfarwyddyd-sgorio-mewn-cwrs/ta-p/441740,
instructor_add_rubric_assignment,https://community.canvaslms.com/t5/Instructor-Guide/How-do-I-add-a-rubric-to-an-assignment/ta-p/1058,https://community.canvaslms.com/t5/Dansk-Instrukt%C3%B8r-Guide/Hvordan-tilf%C3%B8jer-jeg-et-vurderingskriterie-til-en-opgave/ta-p/440119,https://community.canvaslms.com/t5/Gu%C3%ADa-del-Instructor/C%C3%B3mo-agrego-una-r%C3%BAbrica-a-una-tarea/ta-p/2274,https://community.canvaslms.com/t5/Francais-Guide-de-l-instructeur/Comment-ajouter-un-bar%C3%A8me-%C3%A0-un-travail/ta-p/439389,https://community.canvaslms.com/t5/Nederlands-Instructeur-Gids/Hoe-voeg-ik-een-rubriek-aan-een-opdracht-toe/ta-p/439891,https://community.canvaslms.com/t5/Norsk-Instrukt%C3%B8r-Guiden/Hvordan-legger-jeg-en-rubrikk-til-en-oppgave/ta-p/441197,https://community.canvaslms.com/t5/Guia-do-Instrutor/Como-eu-adiciono-uma-rubrica-a-uma-tarefa/ta-p/2649,https://community.canvaslms.com/t5/Svenska-Instrukt%C3%B6r-Guide/Hur-l%C3%A4gger-jag-till-en-rubrik-till-en-uppgift/ta-p/442047,https://community.canvaslms.com/t5/%E6%8C%87%E5%8D%97%E4%B8%AD%E6%96%87%E7%89%88-%E8%AE%B2%E5%B8%88%E6%8C%87%E5%8D%97-instructor/%E5%A6%82%E4%BD%95%E5%B0%86%E8%AF%84%E5%88%86%E7%BB%86%E5%88%99%E6%B7%BB%E5%8A%A0%E5%88%B0%E4%BD%9C%E4%B8%9A/ta-p/440558,https://community.canvaslms.com/t5/Gymraeg-Canllaw-Addysgwyr/Sut-ydw-i-n-ychwanegu-cyfarwyddyd-sgorio-at-aseiniad/ta-p/441847,
instructor_add_announcement,https://community.canvaslms.com/t5/Instructor-Guide/How-do-I-add-an-announcement-in-a-course/ta-p/1194,https://community.canvaslms.com/t5/Dansk-Instrukt%C3%B8r-Guide/Hvordan-tilf%C3%B8jer-jeg-en-besked-i-et-fag/ta-p/440293,https://community.canvaslms.com/t5/Gu%C3%ADa-del-Instructor/C%C3%B3mo-agrego-un-anuncio-en-un-curso/ta-p/2264,https://community.canvaslms.com/t5/Francais-Guide-de-l-instructeur/Comment-ajouter-une-annonce-dans-un-cours/ta-p/439306,https://community.canvaslms.com/t5/Nederlands-Instructeur-Gids/Hoe-voeg-ik-een-aankondiging-toe-aan-een-cursus/ta-p/439919,https://community.canvaslms.com/t5/Norsk-Instrukt%C3%B8r-Guiden/Hvordan-legger-jeg-til-en-kunngj%C3%B8ring-i-et-emne/ta-p/441242,https://community.canvaslms.com/t5/Guia-do-Instrutor/Como-adicionar-um-an%C3%BAncio-em-um-curso/ta-p/2782,https://community.canvaslms.com/t5/Svenska-Instrukt%C3%B6r-Guide/Hur-l%C3%A4gger-jag-till-ett-meddelande-i-en-kurs/ta-p/442003,https://community.canvaslms.com/t5/%E6%8C%87%E5%8D%97%E4%B8%AD%E6%96%87%E7%89%88-%E8%AE%B2%E5%B8%88%E6%8C%87%E5%8D%97-instructor/%E5%A6%82%E4%BD%95%E5%9C%A8%E8%AF%BE%E7%A8%8B%E5%86%85%E6%B7%BB%E5%8A%A0%E5%85%AC%E5%91%8A/ta-p/440511,https://community.canvaslms.com/t5/Gymraeg-Canllaw-Addysgwyr/Sut-ydw-i-n-ychwanegu-cyhoeddiad-mewn-cwrs/ta-p/441750,
instructor_add_dashboard_image,https://community.canvaslms.com/t5/Instructor-Guide/How-do-I-add-an-image-to-a-course-card-in-the-Dashboard/ta-p/624,,https://community.canvaslms.com/t5/Gu%C3%ADa-del-Instructor/C%C3%B3mo-agrego-una-imagen-a-una-tarjeta-del-curso-en-el-Tablero/ta-p/473000,,,,https://community.canvaslms.com/t5/Guia-do-Instrutor/Como-adicionar-uma-imagem-a-um-cart%C3%A3o-do-curso-no-Painel/ta-p/473144,,,,
instructor_add_module_items,https://community.canvaslms.com/t5/Instructor-Guide/How-do-I-add-course-content-as-module-items/ta-p/1157,https://community.canvaslms.com/t5/Dansk-Instrukt%C3%B8r-Guide/Hvordan-tilf%C3%B8jer-jeg-fagindhold-som-modulelementer/ta-p/440158,https://community.canvaslms.com/t5/Gu%C3%ADa-del-Instructor/C%C3%B3mo-agrego-contenido-al-curso-en-forma-de-%C3%ADtems-del-m%C3%B3dulo/ta-p/2226,https://community.canvaslms.com/t5/Francais-Guide-de-l-instructeur/Comment-ajouter-du-contenu-de-cours-en-tant-qu-%C3%A9l%C3%A9ments-de/ta-p/439234,https://community.canvaslms.com/t5/Nederlands-Instructeur-Gids/Hoe-voeg-ik-cursusinhoud-als-module-items-toe/ta-p/439973,https://community.canvaslms.com/t5/Norsk-Instrukt%C3%B8r-Guiden/Hvordan-legger-jeg-til-et-emneinnhold-som-et-modul-element/ta-p/441206,https://community.canvaslms.com/t5/Guia-do-Instrutor/Como-adiciono-conte%C3%BAdo-do-curso-como-itens-de-m%C3%B3dulo/ta-p/2733,https://community.canvaslms.com/t5/Svenska-Instrukt%C3%B6r-Guide/Hur-l%C3%A4gger-jag-till-kursinneh%C3%A5ll-som-modulobjekt/ta-p/442068,https://community.canvaslms.com/t5/%E6%8C%87%E5%8D%97%E4%B8%AD%E6%96%87%E7%89%88-%E8%AE%B2%E5%B8%88%E6%8C%87%E5%8D%97-instructor/%E6%88%91%E8%AF%A5%E5%A6%82%E4%BD%95%E6%B7%BB%E5%8A%A0%E8%AF%BE%E7%A8%8B%E5%86%85%E5%AE%B9%E4%BD%9C%E4%B8%BA%E5%8D%95%E5%85%83%E9%A1%B9%E7%9B%AE/ta-p/440486,https://community.canvaslms.com/t5/Gymraeg-Canllaw-Addysgwyr/Sut-ydw-i-n-ychwanegu-cynnwys-cwrs-fel-eitemau-modiwl/ta-p/441834,
instructor_assignment_details,https://community.canvaslms.com/t5/Instructor-Guide/How-do-I-add-or-edit-details-in-an-assignment/ta-p/971,https://community.canvaslms.com/t5/Dansk-Instrukt%C3%B8r-Guide/Hvordan-tilf%C3%B8jer-eller-redigerer-jeg-opgavedetaljer/ta-p/440287,https://community.canvaslms.com/t5/Gu%C3%ADa-del-Instructor/C%C3%B3mo-agrego-o-edito-detalles-en-una-tarea/ta-p/2332,https://community.canvaslms.com/t5/Francais-Guide-de-l-instructeur/Comment-ajouter-ou-modifier-des-informations-dans-un-travail/ta-p/439385,https://community.canvaslms.com/t5/Nederlands-Instructeur-Gids/Hoe-kan-ik-details-in-een-opdracht-toevoegen-of-bewerken/ta-p/439975,https://community.canvaslms.com/t5/Norsk-Instrukt%C3%B8r-Guiden/Hvordan-legger-jeg-til-eller-redigerer-detaljer-i-en-oppgave/ta-p/441219,https://community.canvaslms.com/t5/Guia-do-Instrutor/Como-eu-adiciono-ou-edito-detalhes-em-uma-tarefa/ta-p/2738,https://community.canvaslms.com/t5/Svenska-Instrukt%C3%B6r-Guide/Hur-l%C3%A4gger-jag-till-ett-meddelande-i-en-kurs/ta-p/442003,https://community.canvaslms.com/t5/%E6%8C%87%E5%8D%97%E4%B8%AD%E6%96%87%E7%89%88-%E8%AE%B2%E5%B8%88%E6%8C%87%E5%8D%97-instructor/%E6%88%91%E5%A6%82%E4%BD%95%E4%B8%BA%E4%BD%9C%E4%B8%9A%E6%B7%BB%E5%8A%A0%E6%88%96%E7%BC%96%E8%BE%91%E8%AF%A6%E7%BB%86%E4%BF%A1%E6%81%AF/ta-p/440637,https://community.canvaslms.com/t5/Gymraeg-Canllaw-Addysgwyr/Sut-ydw-i-n-ychwanegu-neu-n-golygu-manylion-mewn-aseiniad/ta-p/441754,
instructor_add_users,https://community.canvaslms.com/t5/Instructor-Guide/How-do-I-add-users-to-a-course/ta-p/1119,https://community.canvaslms.com/t5/Dansk-Instrukt%C3%B8r-Guide/Hvordan-tilf%C3%B8jer-jeg-brugere-til-et-kursus/ta-p/440199,https://community.canvaslms.com/t5/Gu%C3%ADa-del-Instructor/C%C3%B3mo-agrego-usuarios-a-un-curso/ta-p/2256,https://community.canvaslms.com/t5/Francais-Guide-de-l-instructeur/Comment-ajouter-des-utilisateurs-dans-un-cours/ta-p/439269,https://community.canvaslms.com/t5/Nederlands-Instructeur-Gids/Hoe-voeg-ik-gebruikers-aan-een-cursus-toe/ta-p/439990,https://community.canvaslms.com/t5/Norsk-Instrukt%C3%B8r-Guiden/Hvordan-legger-jeg-til-brukere-i-et-emne/ta-p/441186,https://community.canvaslms.com/t5/Guia-do-Instrutor/Como-eu-adiciono-usu%C3%A1rios-em-um-curso/ta-p/2765,https://community.canvaslms.com/t5/Svenska-Instrukt%C3%B6r-Guide/Hur-l%C3%A4gger-jag-till-anv%C3%A4ndare-till-en-kurs/ta-p/441963,https://community.canvaslms.com/t5/%E6%8C%87%E5%8D%97%E4%B8%AD%E6%96%87%E7%89%88-%E8%AE%B2%E5%B8%88%E6%8C%87%E5%8D%97-instructor/%E6%88%91%E5%A6%82%E4%BD%95%E6%B7%BB%E5%8A%A0%E7%94%A8%E6%88%B7%E5%88%B0%E8%AF%BE%E7%A8%8B/ta-p/440541,https://community.canvaslms.com/t5/Gymraeg-Canllaw-Addysgwyr/Sut-ydw-i-n-ychwanegu-defnyddwyr-at-gwrs/ta-p/441853,
instructor_adjust_dates_on_import,https://community.canvaslms.com/t5/Instructor-Guide/How-do-I-adjust-events-and-due-dates-in-a-course-import/ta-p/1090,,,,,,,,,,
instructor_align_outcome_rubric,https://community.canvaslms.com/t5/Instructor-Guide/How-do-I-align-an-outcome-with-a-rubric-in-a-course/ta-p/1130,,,,,,,,,,
instructor_bulk_upload,https://community.canvaslms.com/t5/Canvas-Basics-Guide/How-do-I-bulk-upload-files/ta-p/617198,,,,,,,,,,
instructor_change_name_code,https://community.canvaslms.com/t5/Instructor-Guide/How-do-I-change-a-course-name-and-course-code/ta-p/1234,,,,,,,,,,
instructor_change_course_home,https://community.canvaslms.com/t5/Instructor-Guide/How-do-I-change-the-Course-Home-Page/ta-p/1035,,,,,,,,,,
instructor_change_course_dates,https://community.canvaslms.com/t5/Instructor-Guide/How-do-I-change-the-start-and-end-dates-for-a-course/ta-p/452354,https://community.canvaslms.com/t5/Dansk-Instrukt%C3%B8r-Guide/Hvordan-%C3%A6ndrer-jeg-start-og-slutdatoer-for-et-fag-ved-hj%C3%A6lp-af/ta-p/440167,https://community.canvaslms.com/t5/Gu%C3%ADa-del-Instructor/C%C3%B3mo-cambio-las-fechas-de-inicio-y-finalizaci%C3%B3n-de-un-curso/ta-p/2300,https://community.canvaslms.com/t5/Francais-Guide-de-l-instructeur/Comment-modifier-les-dates-de-d%C3%A9but-et-de-fin-d-un-cours-%C3%A0-l/ta-p/439326,https://community.canvaslms.com/t5/Nederlands-Instructeur-Gids/Hoe-kan-ik-de-start-en-einddatum-van-een-cursus-wijzigen-met/ta-p/439967,https://community.canvaslms.com/t5/Norsk-Instrukt%C3%B8r-Guiden/Hvordan-kan-jeg-endre-start-og-sluttdatoer-for-et-emne-ved-hjelp/ta-p/441196,https://community.canvaslms.com/t5/Guia-do-Instrutor/Como-fa%C3%A7o-para-alterar-as-datas-de-in%C3%ADcio-e-fim-para-um-curso/ta-p/2665,https://community.canvaslms.com/t5/Svenska-Instrukt%C3%B6r-Guide/Hur-%C3%A4ndrar-jag-start-och-slutdatum-f%C3%B6r-en-kurs-i/ta-p/442026,https://community.canvaslms.com/t5/%E6%8C%87%E5%8D%97%E4%B8%AD%E6%96%87%E7%89%88-%E8%AE%B2%E5%B8%88%E6%8C%87%E5%8D%97-instructor/%E5%A6%82%E4%BD%95%E4%BD%BF%E7%94%A8%E7%BB%8F%E5%85%B8%E8%AF%BE%E7%A8%8B%E5%8F%AF%E7%94%A8%E6%80%A7-UI-%E6%9D%A5%E6%9B%B4%E6%94%B9%E8%AF%BE%E7%A8%8B%E7%9A%84%E5%BC%80%E5%A7%8B%E6%97%A5%E6%9C%9F%E5%92%8C%E7%BB%93%E6%9D%9F%E6%97%A5%E6%9C%9F/ta-p/440660,https://community.canvaslms.com/t5/Gymraeg-Canllaw-Addysgwyr/Sut-ydw-i-n-newid-dyddiadau-dechrau-a-gorffen-cwrs-gan/ta-p/441852,
instructor_conclude_conference,https://community.canvaslms.com/t5/Instructor-Guide/How-do-I-conclude-a-conference/ta-p/606,,,,,,,,,,
instructor_copy_course,https://community.canvaslms.com/t5/Instructor-Guide/How-do-I-copy-a-Canvas-course-into-a-new-course-shell/ta-p/712,https://community.canvaslms.com/t5/Dansk-Instrukt%C3%B8r-Guide/Hvordan-kopierer-jeg-et-Canvas-kursus-ind-i-en-ny-kursusform/ta-p/440234,https://community.canvaslms.com/t5/Gu%C3%ADa-del-Instructor/C%C3%B3mo-copio-un-curso-de-Canvas-a-un-nuevo-contenedor-de-curso/ta-p/2177,https://community.canvaslms.com/t5/Francais-Guide-de-l-instructeur/Comment-copier-un-cours-Canvas-dans-un-nouveau-mod%C3%A8le-de-cours/ta-p/439313,https://community.canvaslms.com/t5/Nederlands-Instructeur-Gids/Hoe-kopieer-ik-een-Canvas-cursus-in-een-nieuwe-cursus-shell/ta-p/439856,https://community.canvaslms.com/t5/Norsk-Instrukt%C3%B8r-Guiden/Hvordan-kopierer-jeg-et-Canvas-emne-inn-i-et-nytt-emneskall/ta-p/441112,https://community.canvaslms.com/t5/Guia-do-Instrutor/Como-eu-copio-um-curso-do-Canvas-para-um-novo-curso-vazio/ta-p/2647,https://community.canvaslms.com/t5/Svenska-Instrukt%C3%B6r-Guide/Hur-kopierar-jag-en-Canvaskurs-till-ett-nytt-kursskal/ta-p/441967,https://community.canvaslms.com/t5/%E6%8C%87%E5%8D%97%E4%B8%AD%E6%96%87%E7%89%88-%E8%AE%B2%E5%B8%88%E6%8C%87%E5%8D%97-instructor/%E6%88%91%E5%A6%82%E4%BD%95%E5%B0%86%E4%B8%80%E4%B8%AA-Canvas-%E8%AF%BE%E7%A8%8B%E5%A4%8D%E5%88%B6%E5%88%B0%E6%96%B0%E8%AF%BE%E7%A8%8B%E5%A3%B3/ta-p/440566,https://community.canvaslms.com/t5/Gymraeg-Canllaw-Addysgwyr/Sut-ydw-i-n-cop%C3%AFo-cwrs-Canvas-i-gragen-cwrs-newydd/ta-p/441813,
instructor_create_gdrive_collaboration,https://community.canvaslms.com/t5/Instructor-Guide/How-do-I-create-a-Google-Drive-collaboration-as-an-instructor/ta-p/632,,,,,,,,,,
instructor_create_o365_collaboration,https://community.canvaslms.com/t5/Instructor-Guide/How-do-I-create-a-Microsoft-Office-365-collaboration-as-an/ta-p/629,,,,,,,,,,
instructor_create_conference,https://community.canvaslms.com/t5/Instructor-Guide/How-do-I-create-a-conference-in-a-course/ta-p/1156,https://community.canvaslms.com/t5/Dansk-Instrukt%C3%B8r-Guide/Hvordan-opretter-jeg-en-konference-i-et-kursus/ta-p/440285,https://community.canvaslms.com/t5/Gu%C3%ADa-del-Instructor/C%C3%B3mo-puedo-crear-una-conferencia-en-un-curso/ta-p/2321,https://community.canvaslms.com/t5/Francais-Guide-de-l-instructeur/Comment-cr%C3%A9er-une-conf%C3%A9rence-dans-un-cours/ta-p/439386,https://community.canvaslms.com/t5/Nederlands-Instructeur-Gids/Hoe-maak-ik-een-vergadering-aan/ta-p/439950,https://community.canvaslms.com/t5/Norsk-Instrukt%C3%B8r-Guiden/Hvordan-oppretter-jeg-en-konferanse-i-et-emne/ta-p/441124,https://community.canvaslms.com/t5/Guia-do-Instrutor/Como-eu-crio-uma-confer%C3%AAncia-em-um-curso/ta-p/2688,https://community.canvaslms.com/t5/Svenska-Instrukt%C3%B6r-Guide/Hur-skapar-jag-en-konferens-i-en-kurs/ta-p/441938,https://community.canvaslms.com/t5/%E6%8C%87%E5%8D%97%E4%B8%AD%E6%96%87%E7%89%88-%E8%AE%B2%E5%B8%88%E6%8C%87%E5%8D%97-instructor/%E5%A6%82%E4%BD%95%E5%9C%A8%E8%AF%BE%E7%A8%8B%E5%88%9B%E5%BB%BA%E4%BC%9A%E8%AE%AE/ta-p/440431,https://community.canvaslms.com/t5/Gymraeg-Canllaw-Addysgwyr/Sut-ydw-i-n-creu-cynhadledd-mewn-cwrs/ta-p/441866,
instructor_create_discussion,https://community.canvaslms.com/t5/Instructor-Guide/How-do-I-create-a-discussion-as-an-instructor/ta-p/1029,https://community.canvaslms.com/t5/Dansk-Instrukt%C3%B8r-Guide/Hvordan-opretter-jeg-som-instrukt%C3%B8r-en-diskussion/ta-p/440113,https://community.canvaslms.com/t5/Gu%C3%ADa-del-Instructor/C%C3%B3mo-creo-una-discusi%C3%B3n-como-instructor/ta-p/2265,https://community.canvaslms.com/t5/Francais-Guide-de-l-instructeur/Comment-cr%C3%A9er-une-discussion-en-tant-qu-instructeur/ta-p/439367,https://community.canvaslms.com/t5/Nederlands-Instructeur-Gids/Hoe-maak-ik-als-cursusleider-een-discussie/ta-p/439930,https://community.canvaslms.com/t5/Norsk-Instrukt%C3%B8r-Guiden/Hvordan-oppretter-jeg-en-diskusjon-som-instrukt%C3%B8r/ta-p/441165,https://community.canvaslms.com/t5/Guia-do-Instrutor/Como-eu-crio-uma-Discuss%C3%A3o-como-um-instrutor/ta-p/2699,https://community.canvaslms.com/t5/Svenska-Instrukt%C3%B6r-Guide/Hur-skapar-jag-en-Diskussion-som-Instrukt%C3%B6r/ta-p/442040,https://community.canvaslms.com/t5/%E6%8C%87%E5%8D%97%E4%B8%AD%E6%96%87%E7%89%88-%E8%AE%B2%E5%B8%88%E6%8C%87%E5%8D%97-instructor/%E4%BD%9C%E4%B8%BA%E8%AE%B2%E5%B8%88-%E6%88%91%E5%A6%82%E4%BD%95%E5%88%9B%E5%BB%BA%E4%B8%80%E4%B8%AA%E8%AE%A8%E8%AE%BA/ta-p/440494,https://community.canvaslms.com/t5/Gymraeg-Canllaw-Addysgwyr/Sut-ydw-i-n-creu-trafodaeth-fel-addysgwr/ta-p/441774,
instructor_create_page,https://community.canvaslms.com/t5/Instructor-Guide/How-do-I-create-a-new-page-in-a-course/ta-p/1031,https://community.canvaslms.com/t5/Dansk-Instrukt%C3%B8r-Guide/Hvordan-opretter-jeg-en-ny-side-i-et-kursus/ta-p/440204,https://community.canvaslms.com/t5/Gu%C3%ADa-del-Instructor/C%C3%B3mo-creo-una-p%C3%A1gina-nueva-en-un-curso/ta-p/2316,https://community.canvaslms.com/t5/Francais-Guide-de-l-instructeur/Comment-cr%C3%A9er-une-nouvelle-page-dans-un-cours/ta-p/439261,https://community.canvaslms.com/t5/Nederlands-Instructeur-Gids/Hoe-kan-ik-een-nieuwe-pagina-in-een-cursus-maken/ta-p/439894,https://community.canvaslms.com/t5/Norsk-Instrukt%C3%B8r-Guiden/Hvordan-oppretter-jeg-en-ny-side-i-et-emne/ta-p/441189,https://community.canvaslms.com/t5/Guia-do-Instrutor/Como-eu-crio-uma-nova-p%C3%A1gina-em-um-curso/ta-p/2622,https://community.canvaslms.com/t5/Svenska-Instrukt%C3%B6r-Guide/Hur-skapar-jag-en-ny-sida-i-en-kurs/ta-p/442005,https://community.canvaslms.com/t5/%E6%8C%87%E5%8D%97%E4%B8%AD%E6%96%87%E7%89%88-%E8%AE%B2%E5%B8%88%E6%8C%87%E5%8D%97-instructor/%E6%88%91%E5%A6%82%E4%BD%95%E5%9C%A8%E8%AF%BE%E7%A8%8B%E9%87%8C%E5%88%9B%E5%BB%BA%E4%B8%80%E4%B8%AA%E6%96%B0%E9%A1%B5%E9%9D%A2/ta-p/440560,https://community.canvaslms.com/t5/Gymraeg-Canllaw-Addysgwyr/Sut-ydw-i-n-creu-tudalen-newydd-mewn-cwrs/ta-p/441844,
instructor_create_quiz_questions,https://community.canvaslms.com/t5/Instructor-Guide/How-do-I-create-a-quiz-with-individual-questions/ta-p/1248,https://community.canvaslms.com/t5/Dansk-Instrukt%C3%B8r-Guide/Hvordan-opretter-jeg-en-quiz-med-individuelle-sp%C3%B8rgsm%C3%A5l/ta-p/440255,https://community.canvaslms.com/t5/Gu%C3%ADa-del-Instructor/C%C3%B3mo-creo-un-examen-con-preguntas-individuales/ta-p/2258,https://community.canvaslms.com/t5/Francais-Guide-de-l-instructeur/Comment-cr%C3%A9er-un-questionnaire-avec-des-questions-individuelles/ta-p/439399,https://community.canvaslms.com/t5/Nederlands-Instructeur-Gids/Hoe-cre%C3%ABer-ik-een-nieuwe-Test-met-individuele-vragen/ta-p/439871,https://community.canvaslms.com/t5/Norsk-Instrukt%C3%B8r-Guiden/Hvordan-oppretter-jeg-en-test-med-individuelle-sp%C3%B8rsm%C3%A5l/ta-p/441217,https://community.canvaslms.com/t5/Guia-do-Instrutor/Como-eu-crio-um-question%C3%A1rio-com-perguntas-individuais/ta-p/2719,https://community.canvaslms.com/t5/Svenska-Instrukt%C3%B6r-Guide/Hur-skapar-jag-en-quiz-med-individuella-fr%C3%A5gor/ta-p/442041,https://community.canvaslms.com/t5/%E6%8C%87%E5%8D%97%E4%B8%AD%E6%96%87%E7%89%88-%E8%AE%B2%E5%B8%88%E6%8C%87%E5%8D%97-instructor/%E6%88%91%E5%A6%82%E4%BD%95%E5%88%9B%E5%BB%BA%E5%B8%A6%E5%8D%95%E4%B8%AA%E9%97%AE%E9%A2%98%E7%9A%84%E6%B5%8B%E9%AA%8C/ta-p/440564,https://community.canvaslms.com/t5/Gymraeg-Canllaw-Addysgwyr/Sut-ydw-i-n-creu-cwis-gyda-chwestiynau-unigol/ta-p/441789,
instructor_create_new_quiz,https://community.canvaslms.com/t5/Instructor-Guide/How-do-I-create-an-assessment-using-New-Quizzes/ta-p/1173,https://community.canvaslms.com/t5/Dansk-Instrukt%C3%B8r-Guide/Hvordan-opretter-jeg-en-vurdering-ved-hj%C3%A6lp-af-New-Quizzes/ta-p/440189,https://community.canvaslms.com/t5/Gu%C3%ADa-del-Instructor/C%C3%B3mo-creo-una-evaluaci%C3%B3n-utilizando-Nuevos-ex%C3%A1menes/ta-p/2207,https://community.canvaslms.com/t5/Francais-Guide-de-l-instructeur/Comment-puis-je-cr%C3%A9er-une-%C3%A9valuation-en-utilisant-les-Nouveaux/ta-p/439338,https://community.canvaslms.com/t5/Nederlands-Instructeur-Gids/Hoe-maak-ik-een-beoordeling-met-gebruik-van-Nieuwe-toetsen/ta-p/439939,https://community.canvaslms.com/t5/Norsk-Instrukt%C3%B8r-Guiden/Hvordan-oppretter-jeg-en-vurdering-ved-hjelp-av-Nye-Tester/ta-p/441195,https://community.canvaslms.com/t5/Guia-do-Instrutor/Como-criar-uma-avalia%C3%A7%C3%A3o-usando-o-New-Quizzes/ta-p/2704,https://community.canvaslms.com/t5/Svenska-Instrukt%C3%B6r-Guide/Hur-skapar-jag-en-bed%C3%B6mning-med-New-Quizzes/ta-p/442039,https://community.canvaslms.com/t5/%E6%8C%87%E5%8D%97%E4%B8%AD%E6%96%87%E7%89%88-%E8%AE%B2%E5%B8%88%E6%8C%87%E5%8D%97-instructor/%E6%88%91%E8%AF%A5%E5%A6%82%E4%BD%95%E4%BD%BF%E7%94%A8%E6%96%B0%E6%B5%8B%E9%AA%8C-New-Quizzes-%E5%88%9B%E5%BB%BA%E8%AF%84%E4%BC%B0/ta-p/440504,https://community.canvaslms.com/t5/Gymraeg-Canllaw-Addysgwyr/Sut-ydw-i-n-creu-asesiad-yn-defnyddio-New-Quizzes/ta-p/441838,
instructor_create_assignment,https://community.canvaslms.com/t5/Instructor-Guide/How-do-I-create-an-assignment/ta-p/740,https://community.canvaslms.com/t5/Dansk-Instrukt%C3%B8r-Guide/Hvordan-opretter-jeg-en-online-opgave/ta-p/440170,https://community.canvaslms.com/t5/Gu%C3%ADa-del-Instructor/C%C3%B3mo-creo-una-tarea-en-l%C3%ADnea/ta-p/2282,https://community.canvaslms.com/t5/Francais-Guide-de-l-instructeur/Comment-puis-je-cr%C3%A9er-un-travail-en-ligne/ta-p/439297,https://community.canvaslms.com/t5/Nederlands-Instructeur-Gids/Hoe-maak-ik-een-online-opdracht/ta-p/439968,https://community.canvaslms.com/t5/Norsk-Instrukt%C3%B8r-Guiden/Hvordan-oppretter-jeg-inn-en-online-oppgave/ta-p/441233,https://community.canvaslms.com/t5/Guia-do-Instrutor/Como-enviar-uma-tarefa-on-line/ta-p/2749,https://community.canvaslms.com/t5/Svenska-Instrukt%C3%B6r-Guide/Hur-skapar-jag-en-onlineuppgift/ta-p/442066,https://community.canvaslms.com/t5/%E6%8C%87%E5%8D%97%E4%B8%AD%E6%96%87%E7%89%88-%E8%AE%B2%E5%B8%88%E6%8C%87%E5%8D%97-instructor/%E6%88%91%E8%AF%A5%E5%A6%82%E4%BD%95%E5%88%9B%E5%BB%BA%E5%9C%A8%E7%BA%BF%E4%BD%9C%E4%B8%9A/ta-p/440441,https://community.canvaslms.com/t5/Gymraeg-Canllaw-Addysgwyr/Sut-ydw-i-n-creu-aseiniad-ar-lein/ta-p/441841,
instructor_create_outcome,https://community.canvaslms.com/t5/Instructor-Guide/How-do-I-create-an-outcome-for-a-course/ta-p/862,https://community.canvaslms.com/t5/Dansk-Instrukt%C3%B8r-Guide/Hvordan-opretter-jeg-et-resultat-for-et-fag/ta-p/440191,https://community.canvaslms.com/t5/Gu%C3%ADa-del-Instructor/C%C3%B3mo-creo-un-resultado-para-un-curso/ta-p/2186,https://community.canvaslms.com/t5/Francais-Guide-de-l-instructeur/Comment-puis-je-cr%C3%A9er-un-r%C3%A9sultat-pour-un-cours/ta-p/439278,https://community.canvaslms.com/t5/Nederlands-Instructeur-Gids/Hoe-maak-ik-een-leerdoel-voor-een-cursus/ta-p/439887,https://community.canvaslms.com/t5/Norsk-Instrukt%C3%B8r-Guiden/Hvordan-oppretter-jeg-l%C3%A6ringsm%C3%A5l-for-et-emne/ta-p/441148,https://community.canvaslms.com/t5/Guia-do-Instrutor/Como-criar-um-resultado-para-um-curso/ta-p/2661,https://community.canvaslms.com/t5/Svenska-Instrukt%C3%B6r-Guide/Hur-skapar-jag-ett-l%C3%A4randem%C3%A5l-f%C3%B6r-en-kurs/ta-p/441984,https://community.canvaslms.com/t5/%E6%8C%87%E5%8D%97%E4%B8%AD%E6%96%87%E7%89%88-%E8%AE%B2%E5%B8%88%E6%8C%87%E5%8D%97-instructor/%E6%88%91%E8%AF%A5%E5%A6%82%E4%BD%95%E5%88%9B%E5%BB%BA%E8%AF%BE%E7%A8%8B%E7%BB%93%E6%9E%9C/ta-p/440606,https://community.canvaslms.com/t5/Gymraeg-Canllaw-Addysgwyr/Sut-ydw-i-n-creu-deilliant-ar-gyfer-cwrs/ta-p/441836,
instructor_create_outcome_group,https://community.canvaslms.com/t5/Instructor-Guide/How-do-I-create-outcome-groups-for-a-course/ta-p/1128,https://community.canvaslms.com/t5/Dansk-Instrukt%C3%B8r-Guide/Hvordan-opretter-jeg-l%C3%A6ringsudbytte-grupper-for-et-fag/ta-p/440157,https://community.canvaslms.com/t5/Gu%C3%ADa-del-Instructor/C%C3%B3mo-creo-grupos-de-resultados-en-un-curso/ta-p/2187,https://community.canvaslms.com/t5/Francais-Guide-de-l-instructeur/Comment-cr%C3%A9er-des-groupes-de-r%C3%A9sultats-pour-un-cours/ta-p/439288,https://community.canvaslms.com/t5/Nederlands-Instructeur-Gids/Hoe-maak-ik-leerdoelgroepen-voor-een-cursus/ta-p/439944,https://community.canvaslms.com/t5/Norsk-Instrukt%C3%B8r-Guiden/Hvordan-oppretter-jeg-l%C3%A6ringsm%C3%A5l-gruppe-for-et-emne/ta-p/441208,https://community.canvaslms.com/t5/Guia-do-Instrutor/Como-criar-grupos-de-resultados-para-um-curso/ta-p/2713,https://community.canvaslms.com/t5/Svenska-Instrukt%C3%B6r-Guide/Hur-skapar-jag-l%C3%A4randem%C3%A5lgrupper-f%C3%B6r-en-kurs/ta-p/442033,https://community.canvaslms.com/t5/%E6%8C%87%E5%8D%97%E4%B8%AD%E6%96%87%E7%89%88-%E8%AE%B2%E5%B8%88%E6%8C%87%E5%8D%97-instructor/%E6%88%91%E8%AF%A5%E5%A6%82%E4%BD%95%E7%BB%99%E8%AF%BE%E7%A8%8B%E5%88%9B%E5%BB%BA%E7%BB%93%E6%9E%9C%E5%B0%8F%E7%BB%84/ta-p/440611,https://community.canvaslms.com/t5/Gymraeg-Canllaw-Addysgwyr/Sut-ydw-i-n-creu-grwpiau-deilliannau-ar-gyfer-cwrs/ta-p/441793,
instructor_edit_announcement,https://community.canvaslms.com/t5/Instructor-Guide/How-do-I-edit-an-announcement-in-a-course/ta-p/1190,,,,,,,https://community.canvaslms.com/t5/Svenska-Instrukt%C3%B6r-Guide/Hur-redigerar-jag-ett-meddelande-i-en-kurs/ta-p/560863,,,
instructor_edit_syllabus,https://community.canvaslms.com/t5/Instructor-Guide/How-do-I-edit-the-Syllabus-in-a-course/ta-p/1178,,,,,,,,,,
instructor_edit_gradebook,https://community.canvaslms.com/t5/Instructor-Guide/How-do-I-enter-and-edit-grades-in-the-Gradebook/ta-p/724,https://community.canvaslms.com/t5/Dansk-Instrukt%C3%B8r-Guide/Hvordan-indtaster-og-redigerer-jeg-karakterer-i-Karakterbogen/ta-p/440216,https://community.canvaslms.com/t5/Gu%C3%ADa-del-Instructor/C%C3%B3mo-puedo-ingresar-y-editar-calificaciones-en-el-Libro-de/ta-p/2257,https://community.canvaslms.com/t5/Francais-Guide-de-l-instructeur/Comment-entrer-et-modifier-des-r%C3%A9sultats-dans-le-relev%C3%A9-de-notes/ta-p/439284,https://community.canvaslms.com/t5/Nederlands-Instructeur-Gids/Hoe-kan-ik-cijfers-invoeren-en-bewerken-in-de-Cijferlijst/ta-p/439963,https://community.canvaslms.com/t5/Norsk-Instrukt%C3%B8r-Guiden/Hvordan-angir-og-redigerer-jeg-karakterer-i-karakteroversikten/ta-p/441211,https://community.canvaslms.com/t5/Guia-do-Instrutor/Como-incluir-e-editar-notas-no-Boletim/ta-p/2777,https://community.canvaslms.com/t5/Svenska-Instrukt%C3%B6r-Guide/Hur-anger-och-redigerar-jag-omd%C3%B6men-i-Omd%C3%B6mesboken/ta-p/442061,https://community.canvaslms.com/t5/%E6%8C%87%E5%8D%97%E4%B8%AD%E6%96%87%E7%89%88-%E8%AE%B2%E5%B8%88%E6%8C%87%E5%8D%97-instructor/%E6%88%91%E5%A6%82%E4%BD%95%E5%9C%A8%E8%AF%84%E5%88%86%E5%86%8C%E4%B8%AD%E8%BE%93%E5%85%A5%E5%92%8C%E7%BC%96%E8%BE%91%E6%88%90%E7%BB%A9/ta-p/440565,https://community.canvaslms.com/t5/Gymraeg-Canllaw-Addysgwyr/Sut-ydw-i-n-rhoi-ac-yn-golygu-graddau-yn-y-Llyfr-Graddau/ta-p/441828,
instructor_import_package,https://community.canvaslms.com/t5/Instructor-Guide/How-do-I-import-a-Canvas-course-export-package/ta-p/795,https://community.canvaslms.com/t5/Dansk-Instrukt%C3%B8r-Guide/Hvordan-importerer-jeg-en-eksportpakke-til-Canvas-fag/ta-p/440192,https://community.canvaslms.com/t5/Gu%C3%ADa-del-Instructor/C%C3%B3mo-importo-un-paquete-de-exportaci%C3%B3n-de-un-curso-de-Canvas/ta-p/2294,https://community.canvaslms.com/t5/Francais-Guide-de-l-instructeur/Comment-importer-un-package-d-exportation-de-cours-Canvas/ta-p/439324,https://community.canvaslms.com/t5/Nederlands-Instructeur-Gids/Hoe-importeer-ik-een-exportpakket-voor-een-Canvas-cursus/ta-p/439995,https://community.canvaslms.com/t5/Norsk-Instrukt%C3%B8r-Guiden/Hvordan-importerer-jeg-et-Canvas-emne-eksportpakke/ta-p/441251,https://community.canvaslms.com/t5/Guia-do-Instrutor/Como-importar-um-pacote-de-exporta%C3%A7%C3%A3o-do-curso-do-Canvas/ta-p/2769,https://community.canvaslms.com/t5/Svenska-Instrukt%C3%B6r-Guide/Hur-importerar-jag-ett-Canvas-kursexportpaket/ta-p/442086,https://community.canvaslms.com/t5/%E6%8C%87%E5%8D%97%E4%B8%AD%E6%96%87%E7%89%88-%E8%AE%B2%E5%B8%88%E6%8C%87%E5%8D%97-instructor/%E6%88%91%E8%AF%A5%E5%A6%82%E4%BD%95%E5%AF%BC%E5%85%A5-Canvas-%E8%AF%BE%E7%A8%8B%E5%AF%BC%E5%87%BA%E7%A8%8B%E5%BA%8F%E5%8C%85/ta-p/440650,https://community.canvaslms.com/t5/Gymraeg-Canllaw-Addysgwyr/Sut-ydw-i-n-mewngludo-pecyn-allgludo-cwrs-Canvas/ta-p/441794,
instructor_import_grades,https://community.canvaslms.com/t5/Instructor-Guide/How-do-I-import-grades-in-the-Gradebook/ta-p/807,https://community.canvaslms.com/t5/Dansk-Instrukt%C3%B8r-Guide/Hvordan-importerer-jeg-karakterer-i-Karakteroversigten/ta-p/440166,https://community.canvaslms.com/t5/Gu%C3%ADa-del-Instructor/C%C3%B3mo-importo-las-calificaciones-del-Libro-de-calificaciones/ta-p/2268,https://community.canvaslms.com/t5/Francais-Guide-de-l-instructeur/Comment-importer-les-notes-dans-le-relev%C3%A9-de-notes/ta-p/439272,https://community.canvaslms.com/t5/Nederlands-Instructeur-Gids/Hoe-importeer-ik-cijfers-in-de-Cijferlijst/ta-p/439903,https://community.canvaslms.com/t5/Norsk-Instrukt%C3%B8r-Guiden/Hvordan-importerer-jeg-karakterer-i-karakteroversikten/ta-p/441149,https://community.canvaslms.com/t5/Guia-do-Instrutor/Como-importar-notas-no-Boletim/ta-p/2662,https://community.canvaslms.com/t5/Svenska-Instrukt%C3%B6r-Guide/Hur-importerar-jag-omd%C3%B6men-i-bed%C3%B6mnings%C3%B6versikten/ta-p/441990,https://community.canvaslms.com/t5/%E6%8C%87%E5%8D%97%E4%B8%AD%E6%96%87%E7%89%88-%E8%AE%B2%E5%B8%88%E6%8C%87%E5%8D%97-instructor/%E6%88%91%E5%A6%82%E4%BD%95%E5%9C%A8%E8%AF%84%E5%88%86%E5%86%8C-Gradebook-%E4%B8%AD%E5%AF%BC%E5%85%A5%E8%AF%84%E5%88%86/ta-p/440592,https://community.canvaslms.com/t5/Gymraeg-Canllaw-Addysgwyr/Sut-ydw-i-n-mewngludo-graddau-yn-y-Llyfr-Graddau/ta-p/441792,
instructor_import_outcomes,https://community.canvaslms.com/t5/Instructor-Guide/How-do-I-import-outcomes-for-a-course/ta-p/702,https://community.canvaslms.com/t5/Dansk-Instrukt%C3%B8r-Guide/Hvordan-importerer-jeg-l%C3%A6ringsudbytter-for-et-fag/ta-p/440198,https://community.canvaslms.com/t5/Gu%C3%ADa-del-Instructor/C%C3%B3mo-importo-resultados-en-un-curso/ta-p/2214,https://community.canvaslms.com/t5/Francais-Guide-de-l-instructeur/Comment-importer-les-r%C3%A9sultats-d-un-cours/ta-p/439363,https://community.canvaslms.com/t5/Nederlands-Instructeur-Gids/Hoe-kan-ik-leerdoelen-voor-een-cursus-importeren/ta-p/439946,https://community.canvaslms.com/t5/Norsk-Instrukt%C3%B8r-Guiden/Hvordan-importerer-jeg-l%C3%A6ringsm%C3%A5l-for-et-emne/ta-p/441214,https://community.canvaslms.com/t5/Guia-do-Instrutor/Como-importar-resultados-para-um-curso/ta-p/2717,https://community.canvaslms.com/t5/Svenska-Instrukt%C3%B6r-Guide/Hur-importerar-jag-l%C3%A4randem%C3%A5l-f%C3%B6r-en-kurs/ta-p/442025,https://community.canvaslms.com/t5/%E6%8C%87%E5%8D%97%E4%B8%AD%E6%96%87%E7%89%88-%E8%AE%B2%E5%B8%88%E6%8C%87%E5%8D%97-instructor/%E6%88%91%E8%AF%A5%E5%A6%82%E4%BD%95%E7%BB%99%E8%AF%BE%E7%A8%8B%E5%AF%BC%E5%85%A5%E7%BB%93%E6%9E%9C/ta-p/440497,https://community.canvaslms.com/t5/Gymraeg-Canllaw-Addysgwyr/Sut-ydw-i-n-mewngludo-deilliannau-ar-gyfer-cwrs/ta-p/441843,
instructor_manage_rubrics,https://community.canvaslms.com/t5/Instructor-Guide/How-do-I-manage-rubrics-in-a-course/ta-p/1017,https://community.canvaslms.com/t5/Dansk-Instrukt%C3%B8r-Guide/Hvordan-administrerer-jeg-rubrikker-i-et-fag/ta-p/440213,https://community.canvaslms.com/t5/Gu%C3%ADa-del-Instructor/C%C3%B3mo-administro-las-r%C3%BAbricas-en-un-curso/ta-p/2213,https://community.canvaslms.com/t5/Francais-Guide-de-l-instructeur/Comment-cr%C3%A9er-une-rubrique-dans-un-cours/ta-p/439360,https://community.canvaslms.com/t5/Nederlands-Instructeur-Gids/Hoe-beheer-ik-rubrieken-in-een-cursus/ta-p/439929,https://community.canvaslms.com/t5/Norsk-Instrukt%C3%B8r-Guiden/Hvordan-administrerer-jeg-rubrikker-i-et-emne/ta-p/441187,https://community.canvaslms.com/t5/Guia-do-Instrutor/Como-gerenciar-rubricas-em-um-curso/ta-p/2692,https://community.canvaslms.com/t5/Svenska-Instrukt%C3%B6r-Guide/Hur-hanterar-jag-matriser-i-en-kurs/ta-p/442023,https://community.canvaslms.com/t5/%E6%8C%87%E5%8D%97%E4%B8%AD%E6%96%87%E7%89%88-%E8%AE%B2%E5%B8%88%E6%8C%87%E5%8D%97-instructor/%E6%88%91%E8%AF%A5%E5%A6%82%E4%BD%95%E5%9C%A8%E8%AF%BE%E7%A8%8B%E4%B8%AD%E7%AE%A1%E7%90%86%E8%AF%84%E4%BC%B0%E8%A1%A8%E6%A0%BC/ta-p/440556,https://community.canvaslms.com/t5/Gymraeg-Canllaw-Addysgwyr/Sut-ydw-i-n-rheoli-cyfarwyddiadau-sgorio-mewn-cwrs/ta-p/441845,
instructor_manage_new_quizzes_settings,https://community.canvaslms.com/t5/Instructor-Guide/How-do-I-manage-settings-for-an-assessment-in-New-Quizzes/ta-p/581,https://community.canvaslms.com/t5/Dansk-Instrukt%C3%B8r-Guide/Hvordan-administrerer-jeg-indstillinger-for-en-vurdering-i-New/ta-p/440203,https://community.canvaslms.com/t5/Gu%C3%ADa-del-Instructor/C%C3%B3mo-administro-las-configuraciones-de-una-evaluaci%C3%B3n-en-Nuevos/ta-p/2209,https://community.canvaslms.com/t5/Francais-Guide-de-l-instructeur/Comment-puis-je-g%C3%A9rer-les-param%C3%A8tres-d-une-%C3%A9valuation-dans-les/ta-p/439370,https://community.canvaslms.com/t5/Nederlands-Instructeur-Gids/Hoe-beheer-ik-de-instellingen-voor-een-beoordeling-in-Nieuwe/ta-p/439954,https://community.canvaslms.com/t5/Norsk-Instrukt%C3%B8r-Guiden/Hvordan-administrerer-jeg-innstillingene-for-vurderinger-i-Nye/ta-p/441221,https://community.canvaslms.com/t5/Guia-do-Instrutor/Como-gerenciar-configura%C3%A7%C3%B5es-para-uma-tarefa-usando-o-New/ta-p/2741,https://community.canvaslms.com/t5/Svenska-Instrukt%C3%B6r-Guide/Hur-hanterar-jag-inst%C3%A4llningar-f%C3%B6r-en-bed%C3%B6mning-i-New-Quizzes/ta-p/442048,https://community.canvaslms.com/t5/%E6%8C%87%E5%8D%97%E4%B8%AD%E6%96%87%E7%89%88-%E8%AE%B2%E5%B8%88%E6%8C%87%E5%8D%97-instructor/%E6%88%91%E8%AF%A5%E5%A6%82%E4%BD%95%E5%9C%A8%E6%96%B0%E6%B5%8B%E9%AA%8C-New-Quizzes-%E4%B8%AD%E7%AE%A1%E7%90%86%E8%AF%84%E4%BC%B0%E8%AE%BE%E7%BD%AE/ta-p/440583,https://community.canvaslms.com/t5/Gymraeg-Canllaw-Addysgwyr/Sut-ydw-i-n-rheoli-gosodiadau-asesiad-yn-New-Quizzes/ta-p/441776,
instructor_organize_files,https://community.canvaslms.com/t5/Canvas-Basics-Guide/How-do-I-move-and-organize-files/ta-p/617197,,,,,,,,,,
instructor_reorder_module,https://community.canvaslms.com/t5/Instructor-Guide/How-do-I-move-or-reorder-a-module/ta-p/1150,,,,,,,,,,
instructor_post_grades,https://community.canvaslms.com/t5/Instructor-Guide/How-do-I-post-grades-for-an-assignment-in-the-Gradebook/ta-p/576,,https://community.canvaslms.com/t5/Gu%C3%ADa-del-Instructor/C%C3%B3mo-publico-las-calificaciones-de-una-tarea-en-el-Libro-de/ta-p/473019,,,,https://community.canvaslms.com/t5/Guia-do-Instrutor/Como-postar-notas-para-uma-tarefa-no-Boletim/ta-p/473157,,,,
instructor_publish_discussion,https://community.canvaslms.com/t5/Instructor-Guide/How-do-I-publish-or-unpublish-a-discussion-as-an-instructor/ta-p/590,,,,,,,,,,
instructor_publish_module,https://community.canvaslms.com/t5/Instructor-Guide/How-do-I-publish-or-unpublish-a-module-as-an-instructor/ta-p/571,,https://community.canvaslms.com/t5/Gu%C3%ADa-del-Instructor/C%C3%B3mo-publico-o-anulo-la-publicaci%C3%B3n-de-un-m%C3%B3dulo-como-profesor/ta-p/473037,,,,https://community.canvaslms.com/t5/Guia-do-Instrutor/Como-publicar-ou-cancelar-a-publica%C3%A7%C3%A3o-de-um-m%C3%B3dulo-como-um/ta-p/473160,,,,
instructor_publish_page,https://community.canvaslms.com/t5/Instructor-Guide/How-do-I-publish-or-unpublish-a-page-as-an-instructor/ta-p/592,,,,,,,,,,
instructor_publish_assignment,https://community.canvaslms.com/t5/Instructor-Guide/How-do-I-publish-or-unpublish-an-assignment-as-an-instructor/ta-p/585,,,,,,,,,,
instructor_record_conference,https://community.canvaslms.com/t5/Instructor-Guide/How-do-I-record-a-conference/ta-p/840,,,,,,,,,,
instructor_reply_discussion,https://community.canvaslms.com/t5/Instructor-Guide/How-do-I-reply-to-a-discussion-as-an-instructor/ta-p/1110,https://community.canvaslms.com/t5/Dansk-Instrukt%C3%B8r-Guide/Hvordan-svarer-jeg-som-instrukt%C3%B8r-p%C3%A5-en-diskussion/ta-p/440108,https://community.canvaslms.com/t5/Gu%C3%ADa-del-Instructor/C%C3%B3mo-respondo-a-un-foro-como-instructor/ta-p/2183,https://community.canvaslms.com/t5/Francais-Guide-de-l-instructeur/Comment-puis-je-r%C3%A9pondre-%C3%A0-une-discussion-en-tant-qu-instructeur/ta-p/439257,https://community.canvaslms.com/t5/Nederlands-Instructeur-Gids/Hoe-geef-ik-als-cursusleider-antwoord-op-een-discussie/ta-p/439865,https://community.canvaslms.com/t5/Norsk-Instrukt%C3%B8r-Guiden/Hvordan-svarer-jeg-p%C3%A5-diskusjon-som-en-instrukt%C3%B8r/ta-p/441128,https://community.canvaslms.com/t5/Guia-do-Instrutor/Como-responder-uma-discuss%C3%A3o-como-um-instrutor/ta-p/2633,https://community.canvaslms.com/t5/Svenska-Instrukt%C3%B6r-Guide/Hur-svarar-jag-p%C3%A5-en-diskussion-som-instrukt%C3%B6r/ta-p/441948,https://community.canvaslms.com/t5/%E6%8C%87%E5%8D%97%E4%B8%AD%E6%96%87%E7%89%88-%E8%AE%B2%E5%B8%88%E6%8C%87%E5%8D%97-instructor/%E4%BD%9C%E4%B8%BA%E8%AE%B2%E5%B8%88-%E6%88%91%E8%AF%A5%E5%A6%82%E4%BD%95%E5%9B%9E%E5%A4%8D%E8%AE%A8%E8%AE%BA/ta-p/440482,https://community.canvaslms.com/t5/Gymraeg-Canllaw-Addysgwyr/Sut-ydw-i-n-ymateb-i-drafodaeth-fel-addysgwr/ta-p/441868,
instructor_select_import_content,https://community.canvaslms.com/t5/Instructor-Guide/How-do-I-select-specific-content-as-part-of-a-course-import/ta-p/1091,,https://community.canvaslms.com/t5/Gu%C3%ADa-del-Instructor/C%C3%B3mo-selecciono-contenido-espec%C3%ADfico-como-parte-de-una/ta-p/473012,,,,https://community.canvaslms.com/t5/Guia-do-Instrutor/tkb-p/instructor_portuguese#:~:text=Como%20selecionar%20conte%C3%BAdo%20espec%C3%ADfico%20como%20parte%20de%20uma%20importa%C3%A7%C3%A3o%20do%20curso%3F,,,,
instructor_message_all_criteria_new_analytics,https://community.canvaslms.com/t5/Instructor-Guide/How-do-I-send-a-message-to-all-students-based-on-specific-course/ta-p/1162,,,,,,,,,,
instructor_message_individual_new_analytics,https://community.canvaslms.com/t5/Instructor-Guide/How-do-I-send-a-message-to-an-individual-student-in-New/ta-p/1187,,,,,,,,,,
instructor_set_front_page,https://community.canvaslms.com/t5/Instructor-Guide/How-do-I-set-a-Front-Page-in-a-course/ta-p/797,https://community.canvaslms.com/t5/Dansk-Instrukt%C3%B8r-Guide/Hvordan-indstiller-jeg-en-forside-i-et-fag/ta-p/440202,https://community.canvaslms.com/t5/Gu%C3%ADa-del-Instructor/C%C3%B3mo-cambio-la-p%C3%A1gina-principal-del-curso/ta-p/2323,https://community.canvaslms.com/t5/Francais-Guide-de-l-instructeur/Comment-configurer-une-premi%C3%A8re-page-dans-un-cours/ta-p/439263,https://community.canvaslms.com/t5/Nederlands-Instructeur-Gids/Hoe-kan-ik-een-voorpagina-in-een-cursus-instellen/ta-p/439971,https://community.canvaslms.com/t5/Norsk-Instrukt%C3%B8r-Guiden/Hvordan-angir-jeg-en-Forside-i-et-emne/ta-p/441190,https://community.canvaslms.com/t5/Guia-do-Instrutor/Como-eu-configuro-a-P%C3%A1gina-Principal-em-um-curso/ta-p/2623,https://community.canvaslms.com/t5/Svenska-Instrukt%C3%B6r-Guide/Hur-st%C3%A4ller-jag-in-en-f%C3%B6rstasida-f%C3%B6r-en-kurs/ta-p/441965,https://community.canvaslms.com/t5/%E6%8C%87%E5%8D%97%E4%B8%AD%E6%96%87%E7%89%88-%E8%AE%B2%E5%B8%88%E6%8C%87%E5%8D%97-instructor/%E6%88%91%E5%A6%82%E4%BD%95%E5%9C%A8%E8%AF%BE%E7%A8%8B%E8%AE%BE%E7%BD%AE%E9%A6%96%E9%A1%B5/ta-p/440549,https://community.canvaslms.com/t5/Gymraeg-Canllaw-Addysgwyr/Sut-ydw-i-n-gosod-Tudalen-Flaen-mewn-cwrs/ta-p/441849,
instructor_set_course_details,https://community.canvaslms.com/t5/Instructor-Guide/How-do-I-set-details-for-a-course/ta-p/1037,https://community.canvaslms.com/t5/Dansk-Instrukt%C3%B8r-Guide/Hvordan-indstiller-jeg-detaljer-for-et-fag/ta-p/440143,https://community.canvaslms.com/t5/Gu%C3%ADa-del-Instructor/C%C3%B3mo-configuro-los-detalles-de-un-curso/ta-p/2269,https://community.canvaslms.com/t5/Francais-Guide-de-l-instructeur/Comment-puis-je-d%C3%A9finir-les-informations-d-un-cours/ta-p/439274,https://community.canvaslms.com/t5/Nederlands-Instructeur-Gids/Hoe-stel-ik-gegevens-in-voor-een-cursus/ta-p/439886,https://community.canvaslms.com/t5/Norsk-Instrukt%C3%B8r-Guiden/Hvordan-stiller-jeg-inn-detaljer-for-et-emne/ta-p/441134,https://community.canvaslms.com/t5/Guia-do-Instrutor/Como-definir-detalhes-para-um-curso/ta-p/2642,https://community.canvaslms.com/t5/Svenska-Instrukt%C3%B6r-Guide/Hur-st%C3%A4ller-jag-in-information-f%C3%B6r-en-kurs/ta-p/441961,https://community.canvaslms.com/t5/%E6%8C%87%E5%8D%97%E4%B8%AD%E6%96%87%E7%89%88-%E8%AE%B2%E5%B8%88%E6%8C%87%E5%8D%97-instructor/%E6%88%91%E8%AF%A5%E5%A6%82%E4%BD%95%E8%AE%BE%E7%BD%AE%E8%AF%BE%E7%A8%8B%E8%AF%A6%E6%83%85/ta-p/440639,https://community.canvaslms.com/t5/Gymraeg-Canllaw-Addysgwyr/Sut-ydw-i-n-gosod-manylion-ar-gyfer-cwrs/ta-p/441848,
instructor_notification_preferences,https://community.canvaslms.com/t5/Instructor-Guide/How-do-I-set-my-Canvas-notification-preferences-as-an-instructor/ta-p/1222,https://community.canvaslms.com/t5/Dansk-Instrukt%C3%B8r-Guide/Hvordan-indstiller-jeg-som-instrukt%C3%B8r-mine/ta-p/440240,https://community.canvaslms.com/t5/Gu%C3%ADa-del-Instructor/C%C3%B3mo-establezco-mis-preferencias-de-notificaci%C3%B3n-de-Canvas-como/ta-p/2206,https://community.canvaslms.com/t5/Francais-Guide-de-l-instructeur/Comment-configurer-mes-pr%C3%A9f%C3%A9rences-de-notification-Canvas/ta-p/439260,https://community.canvaslms.com/t5/Nederlands-Instructeur-Gids/Hoe-stel-ik-mijn-Canvas-meldingsvoorkeuren-in-als-cursusleider/ta-p/439862,https://community.canvaslms.com/t5/Norsk-Instrukt%C3%B8r-Guiden/Hvordan-angir-jeg-Canvas-varslingsinnstillingene-mine-som/ta-p/441158,https://community.canvaslms.com/t5/Guia-do-Instrutor/Como-eu-configuro-minhas-prefer%C3%AAncias-de-notifica%C3%A7%C3%B5es-Canvas/ta-p/2648,https://community.canvaslms.com/t5/Svenska-Instrukt%C3%B6r-Guide/Hur-st%C3%A4ller-jag-in-mina-aviseringinst%C3%A4llningar-i-Canvas-som/ta-p/442009,https://community.canvaslms.com/t5/%E6%8C%87%E5%8D%97%E4%B8%AD%E6%96%87%E7%89%88-%E8%AE%B2%E5%B8%88%E6%8C%87%E5%8D%97-instructor/%E4%BD%9C%E4%B8%BA%E8%AE%B2%E5%B8%88-%E6%88%91%E5%A6%82%E4%BD%95%E8%AE%BE%E7%BD%AECanvas%E9%80%9A%E7%9F%A5%E9%A6%96%E9%80%89%E9%A1%B9/ta-p/440572,https://community.canvaslms.com/t5/Gymraeg-Canllaw-Addysgwyr/Sut-ydw-i-n-gosod-fy-newisiadau-ar-gyfer-hysbysiadau-Canvas-fel/ta-p/441781,
instructor_start_conference,https://community.canvaslms.com/t5/Instructor-Guide/How-do-I-start-a-conference/ta-p/1074,https://community.canvaslms.com/t5/Dansk-Instrukt%C3%B8r-Guide/Hvordan-starter-jeg-en-konference/ta-p/440142,https://community.canvaslms.com/t5/Gu%C3%ADa-del-Instructor/C%C3%B3mo-inicio-una-conferencia/ta-p/2267,https://community.canvaslms.com/t5/Francais-Guide-de-l-instructeur/Comment-puis-je-lancer-une-conf%C3%A9rence/ta-p/439271,https://community.canvaslms.com/t5/Nederlands-Instructeur-Gids/Hoe-start-ik-een-vergadering/ta-p/439867,https://community.canvaslms.com/t5/Norsk-Instrukt%C3%B8r-Guiden/Hvordan-begynner-jeg-en-konferanse/ta-p/441129,https://community.canvaslms.com/t5/Guia-do-Instrutor/Como-iniciar-uma-confer%C3%AAncia/ta-p/2634,https://community.canvaslms.com/t5/Svenska-Instrukt%C3%B6r-Guide/Hur-startar-jag-en-konferens/ta-p/441949,https://community.canvaslms.com/t5/%E6%8C%87%E5%8D%97%E4%B8%AD%E6%96%87%E7%89%88-%E8%AE%B2%E5%B8%88%E6%8C%87%E5%8D%97-instructor/%E6%88%91%E8%AF%A5%E5%A6%82%E4%BD%95%E5%90%AF%E5%8A%A8%E4%BC%9A%E8%AE%AE/ta-p/440439,https://community.canvaslms.com/t5/Gymraeg-Canllaw-Addysgwyr/Sut-ydw-i-n-dechrau-cynhadledd/ta-p/441805,
instructor_upload_course_file,https://community.canvaslms.com/t5/Canvas-Basics-Guide/How-do-I-upload-a-file-in-Files/ta-p/617194,https://community.canvaslms.com/t5/Dansk-Instrukt%C3%B8r-Guide/Hvordan-uploader-jeg-en-fil-til-et-kursus/ta-p/440145,https://community.canvaslms.com/t5/Gu%C3%ADa-del-Instructor/C%C3%B3mo-puedo-subir-un-archivo-a-un-curso/ta-p/2318,https://community.canvaslms.com/t5/Francais-Guide-de-l-instructeur/Comment-t%C3%A9l%C3%A9charger-un-fichier-dans-un-cours/ta-p/439405,https://community.canvaslms.com/t5/Nederlands-Instructeur-Gids/Hoe-kan-ik-een-bestand-naar-een-cursus-uploaden/ta-p/439917,https://community.canvaslms.com/t5/Norsk-Instrukt%C3%B8r-Guiden/Hvordan-laster-jeg-opp-en-fil-til-et-emne/ta-p/441162,https://community.canvaslms.com/t5/Guia-do-Instrutor/Como-eu-envio-um-arquivo-para-um-curso/ta-p/2666,https://community.canvaslms.com/t5/Svenska-Instrukt%C3%B6r-Guide/Hur-laddar-jag-upp-en-fil-till-en-kurs/ta-p/442028,https://community.canvaslms.com/t5/%E6%8C%87%E5%8D%97%E4%B8%AD%E6%96%87%E7%89%88-%E8%AE%B2%E5%B8%88%E6%8C%87%E5%8D%97-instructor/%E6%88%91%E5%A6%82%E4%BD%95%E4%B8%8A%E4%BC%A0%E6%96%87%E4%BB%B6%E5%88%B0%E8%AF%BE%E7%A8%8B/ta-p/440596,https://community.canvaslms.com/t5/Gymraeg-Canllaw-Addysgwyr/Sut-ydw-i-n-llwytho-ffeil-i-fyny-i-gwrs/ta-p/441880,
instructor_use_files,https://community.canvaslms.com/t5/Canvas-Basics-Guide/How-do-I-use-Files/ta-p/617201,https://community.canvaslms.com/t5/Dansk-Instrukt%C3%B8r-Guide/Hvordan-bruger-jeg-som-instrukt%C3%B8r-Filer/ta-p/440220,https://community.canvaslms.com/t5/Gu%C3%ADa-del-Instructor/C%C3%B3mo-uso-Archivos-como-instructor/ta-p/2219,https://community.canvaslms.com/t5/Francais-Guide-de-l-instructeur/Comment-utiliser-Fichiers-en-tant-qu-instructeur/ta-p/439380,https://community.canvaslms.com/t5/Nederlands-Instructeur-Gids/Hoe-gebruik-ik-Bestanden-als-cursusleider/ta-p/439966,https://community.canvaslms.com/t5/Norsk-Instrukt%C3%B8r-Guiden/Hvordan-bruker-jeg-Filer-som-instrukt%C3%B8r/ta-p/441232,https://community.canvaslms.com/t5/Guia-do-Instrutor/Como-usar-Arquivos-Files-como-instrutor/ta-p/2636,https://community.canvaslms.com/t5/Svenska-Instrukt%C3%B6r-Guide/Hur-anv%C3%A4nder-jag-filer-som-instrukt%C3%B6r/ta-p/441954,https://community.canvaslms.com/t5/%E6%8C%87%E5%8D%97%E4%B8%AD%E6%96%87%E7%89%88-%E8%AE%B2%E5%B8%88%E6%8C%87%E5%8D%97-instructor/%E4%BD%9C%E4%B8%BA%E8%AE%B2%E5%B8%88-%E6%88%91%E8%AF%A5%E5%A6%82%E4%BD%95%E4%BD%BF%E7%94%A8%E6%96%87%E4%BB%B6-Files/ta-p/440585,https://community.canvaslms.com/t5/Gymraeg-Canllaw-Addysgwyr/Sut-ydw-i-n-defnyddio-r-adran-Ffeiliau-Files-fel-addysgwr/ta-p/441872,
instructor_use_course_settings,https://community.canvaslms.com/t5/Instructor-Guide/How-do-I-use-course-settings/ta-p/1267,https://community.canvaslms.com/t5/Dansk-Instrukt%C3%B8r-Guide/Hvordan-bruger-jeg-fagindstillinger/ta-p/440175,https://community.canvaslms.com/t5/Gu%C3%ADa-del-Instructor/C%C3%B3mo-uso-las-configuraciones-del-curso/ta-p/2279,https://community.canvaslms.com/t5/Francais-Guide-de-l-instructeur/Comment-utiliser-les-param%C3%A8tres-du-cours/ta-p/439294,https://community.canvaslms.com/t5/Nederlands-Instructeur-Gids/Hoe-gebruik-ik-cursusinstellingen/ta-p/439902,https://community.canvaslms.com/t5/Norsk-Instrukt%C3%B8r-Guiden/Hvordan-bruker-jeg-emne-innstillinger/ta-p/441160,https://community.canvaslms.com/t5/Guia-do-Instrutor/Como-usar-as-configura%C3%A7%C3%B5es-do-curso/ta-p/2673,https://community.canvaslms.com/t5/Svenska-Instrukt%C3%B6r-Guide/Hur-anv%C3%A4nder-jag-kursinst%C3%A4llningar/ta-p/441989,https://community.canvaslms.com/t5/%E6%8C%87%E5%8D%97%E4%B8%AD%E6%96%87%E7%89%88-%E8%AE%B2%E5%B8%88%E6%8C%87%E5%8D%97-instructor/%E6%88%91%E8%AF%A5%E5%A6%82%E4%BD%95%E4%BD%BF%E7%94%A8%E8%AF%BE%E7%A8%8B%E8%AE%BE%E7%BD%AE/ta-p/440578,https://community.canvaslms.com/t5/Gymraeg-Canllaw-Addysgwyr/Sut-ydw-i-n-defnyddio-gosodiadau-r-cwrs/ta-p/441850,
instructor_use_announcements_index,https://community.canvaslms.com/t5/Instructor-Guide/How-do-I-use-the-Announcements-Index-Page/ta-p/1113,https://community.canvaslms.com/t5/Dansk-Instrukt%C3%B8r-Guide/Hvordan-bruger-jeg-indekssiden-for-Beskeder/ta-p/440227,https://community.canvaslms.com/t5/Gu%C3%ADa-del-Instructor/C%C3%B3mo-uso-la-p%C3%A1gina-%C3%8Dndice-de-anuncios/ta-p/2221,https://community.canvaslms.com/t5/Francais-Guide-de-l-instructeur/Comment-utiliser-la-page-d-index-des-annonces/ta-p/439373,https://community.canvaslms.com/t5/Nederlands-Instructeur-Gids/Hoe-gebruik-ik-de-indexpagina-Aankondigingen/ta-p/439956,https://community.canvaslms.com/t5/Norsk-Instrukt%C3%B8r-Guiden/Hvordan-bruker-jeg-indeks-siden-for-Kunngj%C3%B8ringer/ta-p/441234,https://community.canvaslms.com/t5/Guia-do-Instrutor/Como-usar-a-P%C3%A1gina-de-%C3%ADndice-de-an%C3%BAncios/ta-p/2637,https://community.canvaslms.com/t5/Svenska-Instrukt%C3%B6r-Guide/Hur-anv%C3%A4nder-jag-indexsidan-Meddelanden/ta-p/441956,https://community.canvaslms.com/t5/%E6%8C%87%E5%8D%97%E4%B8%AD%E6%96%87%E7%89%88-%E8%AE%B2%E5%B8%88%E6%8C%87%E5%8D%97-instructor/%E6%88%91%E8%AF%A5%E5%A6%82%E4%BD%95%E4%BD%BF%E7%94%A8%E5%85%AC%E5%91%8A%E7%B4%A2%E5%BC%95-Announcements-Index-%E9%A1%B5%E9%9D%A2/ta-p/440523,https://community.canvaslms.com/t5/Gymraeg-Canllaw-Addysgwyr/Sut-ydw-i-n-defnyddio-r-Dudalen-Mynegai-Cyhoeddiadau/ta-p/441744,
instructor_use_collaborations_index,https://community.canvaslms.com/t5/Instructor-Guide/How-do-I-use-the-Collaborations-Index-Page/ta-p/922,https://community.canvaslms.com/t5/Dansk-Instrukt%C3%B8r-Guide/Hvordan-bruger-jeg-indekssiden-for-Samarbejder/ta-p/440259,https://community.canvaslms.com/t5/Gu%C3%ADa-del-Instructor/C%C3%B3mo-uso-la-p%C3%A1gina-%C3%8Dndice-de-colaboraciones/ta-p/2232,https://community.canvaslms.com/t5/Francais-Guide-de-l-instructeur/Comment-utiliser-la-page-d-index-des-collaborations/ta-p/439390,https://community.canvaslms.com/t5/Nederlands-Instructeur-Gids/Hoe-gebruik-ik-de-indexpagina-Samenwerkingen/ta-p/439985,https://community.canvaslms.com/t5/Norsk-Instrukt%C3%B8r-Guiden/Hvordan-bruker-jeg-indeks-siden-for-samarbeid/ta-p/441247,https://community.canvaslms.com/t5/Guia-do-Instrutor/Como-usar-a-P%C3%A1gina-de-%C3%ADndice-de-colabora%C3%A7%C3%B5es/ta-p/2774,https://community.canvaslms.com/t5/Svenska-Instrukt%C3%B6r-Guide/Hur-anv%C3%A4nder-jag-indexsidan-f%C3%B6r-Samarbeten/ta-p/442070,https://community.canvaslms.com/t5/%E6%8C%87%E5%8D%97%E4%B8%AD%E6%96%87%E7%89%88-%E8%AE%B2%E5%B8%88%E6%8C%87%E5%8D%97-instructor/%E6%88%91%E8%AF%A5%E5%A6%82%E4%BD%95%E4%BD%BF%E7%94%A8%E5%8D%8F%E4%BD%9C%E7%B4%A2%E5%BC%95-Collaborations-Index-%E9%A1%B5%E9%9D%A2/ta-p/440525,https://community.canvaslms.com/t5/Gymraeg-Canllaw-Addysgwyr/Sut-ydw-i-n-defnyddio-r-Dudalen-Mynegai-Cydweithrediadau/ta-p/441771,
instructor_use_course_homepage,https://community.canvaslms.com/t5/Instructor-Guide/How-do-I-use-the-Course-Home-Page-as-an-instructor/ta-p/1250,https://community.canvaslms.com/t5/Dansk-Instrukt%C3%B8r-Guide/Hvordan-bruger-jeg-som-instrukt%C3%B8r-kursushjemmesiden/ta-p/440132,https://community.canvaslms.com/t5/Gu%C3%ADa-del-Instructor/C%C3%B3mo-uso-la-P%C3%A1gina-de-inicio-del-curso-como-instructor/ta-p/2322,https://community.canvaslms.com/t5/Francais-Guide-de-l-instructeur/Comment-utiliser-la-Page-d-accueil-du-cours-en-tant-qu/ta-p/439333,https://community.canvaslms.com/t5/Nederlands-Instructeur-Gids/Hoe-gebruik-ik-de-startpagina-van-de-cursus-als-cursusleider/ta-p/439868,https://community.canvaslms.com/t5/Norsk-Instrukt%C3%B8r-Guiden/Hvordan-bruker-jeg-Startside-for-emner-som-instrukt%C3%B8r/ta-p/441177,https://community.canvaslms.com/t5/Guia-do-Instrutor/Como-eu-uso-a-P%C3%A1gina-Inicial-do-Curso-como-um-instrutor/ta-p/2708,https://community.canvaslms.com/t5/Svenska-Instrukt%C3%B6r-Guide/Hur-anv%C3%A4nder-jag-kurshemsidan-som-instrukt%C3%B6r/ta-p/441987,https://community.canvaslms.com/t5/%E6%8C%87%E5%8D%97%E4%B8%AD%E6%96%87%E7%89%88-%E8%AE%B2%E5%B8%88%E6%8C%87%E5%8D%97-instructor/%E4%BD%9C%E4%B8%BA%E8%AE%B2%E5%B8%88-%E6%88%91%E5%A6%82%E4%BD%95%E4%BD%BF%E7%94%A8%E8%AF%BE%E7%A8%8B%E4%B8%BB%E9%A1%B5/ta-p/440509,https://community.canvaslms.com/t5/Gymraeg-Canllaw-Addysgwyr/Sut-ydw-i-n-defnyddio-Tudalen-Hafan-y-Cwrs-fel-addysgwr/ta-p/441746,
instructor_use_gradebook,https://community.canvaslms.com/t5/Instructor-Guide/How-do-I-use-the-Gradebook/ta-p/701,https://community.canvaslms.com/t5/Dansk-Instrukt%C3%B8r-Guide/Hvordan-bruger-jeg-Karakterbogen/ta-p/440181,https://community.canvaslms.com/t5/Gu%C3%ADa-del-Instructor/C%C3%B3mo-utilizo-el-Libro-de-calificaciones/ta-p/2170,https://community.canvaslms.com/t5/Francais-Guide-de-l-instructeur/Comment-utiliser-le-relev%C3%A9-de-notes/ta-p/439276,https://community.canvaslms.com/t5/Nederlands-Instructeur-Gids/Hoe-gebruik-ik-de-Cijferlijst/ta-p/439880,https://community.canvaslms.com/t5/Norsk-Instrukt%C3%B8r-Guiden/Hvordan-bruker-jeg-karakteroversikten/ta-p/441213,https://community.canvaslms.com/t5/Guia-do-Instrutor/Como-eu-uso-o-Boletim/ta-p/2767,https://community.canvaslms.com/t5/Svenska-Instrukt%C3%B6r-Guide/Hur-anv%C3%A4nder-jag-Omd%C3%B6mesboken/ta-p/442069,https://community.canvaslms.com/t5/%E6%8C%87%E5%8D%97%E4%B8%AD%E6%96%87%E7%89%88-%E8%AE%B2%E5%B8%88%E6%8C%87%E5%8D%97-instructor/%E6%88%91%E5%A6%82%E4%BD%95%E4%BD%BF%E7%94%A8%E8%AF%84%E5%88%86%E5%86%8C/ta-p/440499,https://community.canvaslms.com/t5/Gymraeg-Canllaw-Addysgwyr/Sut-ydw-i-n-defnyddio-r-Llyfr-Graddau/ta-p/441891,
instructor_use_mastery_gradebook,https://community.canvaslms.com/t5/Instructor-Guide/How-do-I-use-the-Learning-Mastery-Gradebook-to-view-outcome/ta-p/775,,,,,,,,,,
instructor_use_pages_index,https://community.canvaslms.com/t5/Instructor-Guide/How-do-I-use-the-Pages-Index-Page/ta-p/1005,https://community.canvaslms.com/t5/Dansk-Instrukt%C3%B8r-Guide/Hvordan-bruger-jeg-indekssiden-for-Sider/ta-p/440230,https://community.canvaslms.com/t5/Gu%C3%ADa-del-Instructor/C%C3%B3mo-uso-la-p%C3%A1gina-%C3%8Dndice-de-p%C3%A1ginas/ta-p/2223,https://community.canvaslms.com/t5/Francais-Guide-de-l-instructeur/Comment-utiliser-la-page-d-index-des-pages/ta-p/439378,https://community.canvaslms.com/t5/Nederlands-Instructeur-Gids/Hoe-gebruik-ik-de-indexpagina-Pagina-s/ta-p/439959,https://community.canvaslms.com/t5/Norsk-Instrukt%C3%B8r-Guiden/Hvordan-bruker-jeg-indeks-siden-for-Sider/ta-p/441229,https://community.canvaslms.com/t5/Guia-do-Instrutor/Como-usar-a-P%C3%A1gina-de-%C3%ADndice-de-p%C3%A1ginas/ta-p/2744,https://community.canvaslms.com/t5/Svenska-Instrukt%C3%B6r-Guide/Hur-anv%C3%A4nder-jag-indexsidan-f%C3%B6r-Sidor/ta-p/442053,https://community.canvaslms.com/t5/%E6%8C%87%E5%8D%97%E4%B8%AD%E6%96%87%E7%89%88-%E8%AE%B2%E5%B8%88%E6%8C%87%E5%8D%97-instructor/%E6%88%91%E8%AF%A5%E5%A6%82%E4%BD%95%E4%BD%BF%E7%94%A8%E9%A1%B5%E9%9D%A2%E7%B4%A2%E5%BC%95-Pages-Index-%E9%A1%B5%E9%9D%A2/ta-p/440444,https://community.canvaslms.com/t5/Gymraeg-Canllaw-Addysgwyr/Sut-ydw-i-n-defnyddio-r-Dudalen-Mynegai-Tudalennau-Pages-Index/ta-p/441846,
instructor_use_people_page,https://community.canvaslms.com/t5/Instructor-Guide/How-do-I-use-the-People-page-in-a-course-as-an-instructor/ta-p/667,https://community.canvaslms.com/t5/Dansk-Instrukt%C3%B8r-Guide/Hvordan-bruger-jeg-som-instrukt%C3%B8r-Deltager-siden-i-et-fag/ta-p/440211,https://community.canvaslms.com/t5/Gu%C3%ADa-del-Instructor/C%C3%B3mo-uso-la-p%C3%A1gina-de-Personas-en-un-curso-como-instructor/ta-p/2244,https://community.canvaslms.com/t5/Francais-Guide-de-l-instructeur/Comment-utiliser-la-page-Personnes-dans-un-cours-en-tant-qu/ta-p/439270,https://community.canvaslms.com/t5/Nederlands-Instructeur-Gids/Hoe-gebruik-ik-de-pagina-People-Personen-in-een-cursus-als/ta-p/439854,https://community.canvaslms.com/t5/Norsk-Instrukt%C3%B8r-Guiden/Som-instrukt%C3%B8r-hvordan-bruker-jeg-Folk-siden-i-et-emne/ta-p/441188,https://community.canvaslms.com/t5/Guia-do-Instrutor/Como-usar-a-p%C3%A1gina-Pessoas-em-um-curso-como-um-instrutor/ta-p/2768,https://community.canvaslms.com/t5/Svenska-Instrukt%C3%B6r-Guide/Hur-anv%C3%A4nder-jag-sidan-f%C3%B6r-m%C3%A4nniskor-i-en-kurs-som-l%C3%A4rare/ta-p/441986,https://community.canvaslms.com/t5/%E6%8C%87%E5%8D%97%E4%B8%AD%E6%96%87%E7%89%88-%E8%AE%B2%E5%B8%88%E6%8C%87%E5%8D%97-instructor/%E4%BD%9C%E4%B8%BA%E8%AE%B2%E5%B8%88-%E6%88%91%E5%A6%82%E4%BD%95%E4%BD%BF%E7%94%A8%E8%AF%BE%E7%A8%8B%E5%86%85%E7%9A%84%E4%BA%BA%E5%91%98-People-%E9%A1%B5%E9%9D%A2/ta-p/440666,https://community.canvaslms.com/t5/Gymraeg-Canllaw-Addysgwyr/Sut-ydw-i-n-defnyddio-r-dudalen-Pobl-mewn-cwrs-fel-addysgwr/ta-p/441854,
instructor_use_quizzes_index,https://community.canvaslms.com/t5/Instructor-Guide/How-do-I-use-the-Quizzes-Index-Page/ta-p/1104,https://community.canvaslms.com/t5/Dansk-Instrukt%C3%B8r-Guide/Hvordan-bruger-jeg-indekssiden-for-test/ta-p/440161,https://community.canvaslms.com/t5/Gu%C3%ADa-del-Instructor/C%C3%B3mo-uso-la-p%C3%A1gina-%C3%8Dndice-de-ex%C3%A1menes/ta-p/2278,https://community.canvaslms.com/t5/Francais-Guide-de-l-instructeur/Comment-utiliser-la-page-d-index-des-quiz/ta-p/439282,https://community.canvaslms.com/t5/Nederlands-Instructeur-Gids/Hoe-gebruik-ik-de-indexpagina-Toetsen/ta-p/439890,https://community.canvaslms.com/t5/Norsk-Instrukt%C3%B8r-Guiden/Hvordan-bruker-jeg-indeks-siden-for-Tester/ta-p/441143,https://community.canvaslms.com/t5/Guia-do-Instrutor/Como-usar-a-P%C3%A1gina-de-%C3%ADndice-de-question%C3%A1rios/ta-p/2654,https://community.canvaslms.com/t5/Svenska-Instrukt%C3%B6r-Guide/Hur-anv%C3%A4nder-jag-indexsidan-f%C3%B6r-Quizzes/ta-p/441968,https://community.canvaslms.com/t5/%E6%8C%87%E5%8D%97%E4%B8%AD%E6%96%87%E7%89%88-%E8%AE%B2%E5%B8%88%E6%8C%87%E5%8D%97-instructor/%E6%88%91%E8%AF%A5%E5%A6%82%E4%BD%95%E4%BD%BF%E7%94%A8%E6%B5%8B%E9%AA%8C%E7%B4%A2%E5%BC%95-Quizzes-Index-%E9%A1%B5%E9%9D%A2/ta-p/440442,https://community.canvaslms.com/t5/Gymraeg-Canllaw-Addysgwyr/Sut-ydw-i-n-defnyddio-r-Dudalen-Mynegai-Cwisiau-Quizzes-Index/ta-p/441785,
instructor_use_syllabus,https://community.canvaslms.com/t5/Instructor-Guide/How-do-I-use-the-Syllabus-as-an-instructor/ta-p/638,https://community.canvaslms.com/t5/Dansk-Instrukt%C3%B8r-Guide/Hvordan-benytter-jeg-Pensum-som-instrukt%C3%B8r/ta-p/440200,https://community.canvaslms.com/t5/Gu%C3%ADa-del-Instructor/C%C3%B3mo-uso-el-Programa-del-curso-como-profesor/ta-p/2255,https://community.canvaslms.com/t5/Francais-Guide-de-l-instructeur/Comment-utiliser-le-programme-en-tant-qu-instructeur/ta-p/439341,https://community.canvaslms.com/t5/Nederlands-Instructeur-Gids/Hoe-gebruik-ik-de-syllabus-als-cursusleider/ta-p/439981,https://community.canvaslms.com/t5/Norsk-Instrukt%C3%B8r-Guiden/Hvordan-bruker-jeg-emneoversikten-som-instrukt%C3%B8r/ta-p/441250,https://community.canvaslms.com/t5/Guia-do-Instrutor/Como-usar-o-Programa-de-estudos-como-um-instrutor/ta-p/2761,https://community.canvaslms.com/t5/Svenska-Instrukt%C3%B6r-Guide/Hur-anv%C3%A4nder-jag-kursplan-som-instrukt%C3%B6r/ta-p/442012,https://community.canvaslms.com/t5/%E6%8C%87%E5%8D%97%E4%B8%AD%E6%96%87%E7%89%88-%E8%AE%B2%E5%B8%88%E6%8C%87%E5%8D%97-instructor/%E4%BD%9C%E4%B8%BA%E8%AE%B2%E5%B8%88-%E6%88%91%E5%A6%82%E4%BD%95%E4%BD%BF%E7%94%A8%E6%95%99%E5%AD%A6%E5%A4%A7%E7%BA%B2/ta-p/440503,https://community.canvaslms.com/t5/Gymraeg-Canllaw-Addysgwyr/Sut-ydw-i-n-defnyddio-r-Maes-Llafur-fel-addysgwr/ta-p/441738,
instructor_use_outcomes,https://community.canvaslms.com/t5/Instructor-Guide/How-do-I-use-the-outcomes-page-in-a-course/ta-p/645,https://community.canvaslms.com/t5/Dansk-Instrukt%C3%B8r-Guide/Hvordan-bruger-jeg-siden-L%C3%A6ringsudbytte-i-et-fag/ta-p/440156,https://community.canvaslms.com/t5/Gu%C3%ADa-del-Instructor/C%C3%B3mo-uso-la-p%C3%A1gina-de-competencias-en-un-curso/ta-p/2272,https://community.canvaslms.com/t5/Francais-Guide-de-l-instructeur/Comment-utiliser-la-page-des-r%C3%A9sultats-dans-un-cours/ta-p/439281,https://community.canvaslms.com/t5/Nederlands-Instructeur-Gids/Hoe-gebruik-ik-de-pagina-Leerdoelen-in-een-cursus/ta-p/439920,https://community.canvaslms.com/t5/Norsk-Instrukt%C3%B8r-Guiden/Hvordan-bruker-jeg-siden-l%C3%A6ringsm%C3%A5l-i-et-emne/ta-p/441172,https://community.canvaslms.com/t5/Guia-do-Instrutor/Como-usar-a-p%C3%A1gina-de-resultados-em-um-curso/ta-p/2679,https://community.canvaslms.com/t5/Svenska-Instrukt%C3%B6r-Guide/Hur-anv%C3%A4nder-jag-sidan-L%C3%A4randem%C3%A5l-i-en-kurs/ta-p/442011,https://community.canvaslms.com/t5/%E6%8C%87%E5%8D%97%E4%B8%AD%E6%96%87%E7%89%88-%E8%AE%B2%E5%B8%88%E6%8C%87%E5%8D%97-instructor/%E6%88%91%E8%AF%A5%E5%A6%82%E4%BD%95%E5%9C%A8%E8%AF%BE%E7%A8%8B%E4%B8%AD%E4%BD%BF%E7%94%A8%E7%BB%93%E6%9E%9C%E9%A1%B5%E9%9D%A2/ta-p/440599,https://community.canvaslms.com/t5/Gymraeg-Canllaw-Addysgwyr/Sut-ydw-i-n-defnyddio-r-dudalen-deilliannau-mewn-cwrs/ta-p/441808,
instructor_view_student_context_card,https://community.canvaslms.com/t5/Instructor-Guide/How-do-I-view-a-context-card-for-a-student-in-a-course/ta-p/608,,,,,,,,,,
instructor_individual_new_analytics,https://community.canvaslms.com/t5/Instructor-Guide/How-do-I-view-analytics-for-an-individual-student-in-New/ta-p/801,,https://community.canvaslms.com/t5/Gu%C3%ADa-del-Instructor/C%C3%B3mo-veo-las-anal%C3%ADticas-de-un-estudiante-en-particular-en-Nuevas/ta-p/474159,,,,https://community.canvaslms.com/t5/Guia-do-Instrutor/Como-fa%C3%A7o-para-visualizar-as-an%C3%A1lises-de-um-aluno-individual-nas/ta-p/474165,,,,
instructor_view_discussion_replies,https://community.canvaslms.com/t5/Instructor-Guide/How-do-I-view-and-sort-discussion-replies-as-an-instructor/ta-p/908,,,,,,,https://community.canvaslms.com/t5/Svenska-Instrukt%C3%B6r-Guide/Hur-visar-jag-och-sorterar-diskussionsvar-som-l%C3%A4rare/ta-p/560872,,,
instructor_gradebook_individual_view,https://community.canvaslms.com/t5/Instructor-Guide/How-do-I-view-assignments-or-students-individually-in-the/ta-p/1247,,https://community.canvaslms.com/t5/Gu%C3%ADa-del-Instructor/C%C3%B3mo-hago-para-ver-tareas-o-alumnos-individualmente-en-el-Libro/ta-p/2197,,,,https://community.canvaslms.com/t5/Guia-do-Instrutor/Como-visualizar-tarefas-ou-alunos-individualmente-no-Boletim/ta-p/2742,,,,
instructor_speedgrader_submission_details,https://community.canvaslms.com/t5/Instructor-Guide/How-do-I-view-the-details-of-a-submission-for-a-student-in/ta-p/762,,https://community.canvaslms.com/t5/Gu%C3%ADa-del-Instructor/C%C3%B3mo-veo-los-detalles-de-la-entrega-de-un-estudiante-en/ta-p/473011,,,,https://community.canvaslms.com/t5/Guia-do-Instrutor/Como-visualizar-detalhes-de-um-envio-para-um-aluno-no/ta-p/473159,,,,
instructor_view_enrollment_details,https://community.canvaslms.com/t5/Instructor-Guide/How-do-I-view-user-details-for-an-enrollment-in-a-course/ta-p/1216,https://community.canvaslms.com/t5/Dansk-Instrukt%C3%B8r-Guide/Hvordan-kan-jeg-se-brugeroplysninger-for-en-tilmelding-i-et-fag/ta-p/440236,https://community.canvaslms.com/t5/Gu%C3%ADa-del-Instructor/C%C3%B3mo-puedo-ver-los-detalles-de-usuario-de-una-inscripci%C3%B3n-en-un/ta-p/2225,https://community.canvaslms.com/t5/Francais-Guide-de-l-instructeur/Comment-puis-je-voir-les-informations-sur-l-utilisateur-pour-une/ta-p/439273,https://community.canvaslms.com/t5/Nederlands-Instructeur-Gids/Hoe-kan-ik-gebruikersgegevens-voor-een-inschrijving-in-een/ta-p/439869,https://community.canvaslms.com/t5/Norsk-Instrukt%C3%B8r-Guiden/Hvordan-viser-jeg-brukerdetaljer-for-en-p%C3%A5meldinger-i-et-emne/ta-p/441130,https://community.canvaslms.com/t5/Guia-do-Instrutor/Como-visualizar-os-detalhes-de-usu%C3%A1rios-para-uma-matr%C3%ADcula-em-um/ta-p/2635,https://community.canvaslms.com/t5/Svenska-Instrukt%C3%B6r-Guide/Hur-ser-jag-anv%C3%A4ndarinformation-f%C3%B6r-en-registrering-i-en-kurs/ta-p/441952,https://community.canvaslms.com/t5/%E6%8C%87%E5%8D%97%E4%B8%AD%E6%96%87%E7%89%88-%E8%AE%B2%E5%B8%88%E6%8C%87%E5%8D%97-instructor/%E6%88%91%E8%AF%A5%E5%A6%82%E4%BD%95%E5%9C%A8%E8%AF%BE%E7%A8%8B%E4%B8%AD%E6%9F%A5%E7%9C%8B%E6%B3%A8%E5%86%8C%E5%AD%A6%E7%94%9F%E7%9A%84%E7%94%A8%E6%88%B7%E8%AF%A6%E6%83%85/ta-p/440659,https://community.canvaslms.com/t5/Gymraeg-Canllaw-Addysgwyr/Sut-ydw-i-n-gweld-manylion-defnyddiwr-ar-gyfer-ymrestriad-ar/ta-p/441856,
instructor_assignment_types,https://community.canvaslms.com/t5/Instructor-Guide/What-assignment-types-can-I-create-in-a-course/ta-p/627,,https://community.canvaslms.com/t5/Gu%C3%ADa-del-Instructor/Qu%C3%A9-tipos-de-tareas-puedo-crear-en-un-curso/ta-p/473016,,,,https://community.canvaslms.com/t5/Guia-do-Instrutor/Quais-tipos-de-tarefas-eu-posso-criar-em-um-curso/ta-p/473164,,,,
instructor_homepage_layout_options,https://community.canvaslms.com/t5/Instructor-Guide/What-layout-options-are-available-in-the-Course-Home-Page-as-an/ta-p/1291,https://community.canvaslms.com/t5/Dansk-Instrukt%C3%B8r-Guide/Hvilke-layout-muligheder-er-tilg%C3%A6ngelig-for-kursushjemmesiden/ta-p/440225,https://community.canvaslms.com/t5/Gu%C3%ADa-del-Instructor/Qu%C3%A9-opciones-puedo-usar-para-recalificar-una-evaluaci%C3%B3n-en-un/ta-p/2218,https://community.canvaslms.com/t5/Francais-Guide-de-l-instructeur/Quelles-options-d-affichage-sont-disponibles-dans-la-Page-d/ta-p/439334,https://community.canvaslms.com/t5/Nederlands-Instructeur-Gids/Welke-lay-outopties-zijn-er-voor-de-cursusleider-beschikbaar-in/ta-p/439852,https://community.canvaslms.com/t5/Norsk-Instrukt%C3%B8r-Guiden/Som-instrukt%C3%B8r-hvilke-layout-alternativer-er-tilgjengelige-p%C3%A5/ta-p/441109,https://community.canvaslms.com/t5/Guia-do-Instrutor/Quais-op%C3%A7%C3%B5es-de-layout-est%C3%A3o-dispon%C3%ADveis-na-P%C3%A1gina-Inicial-do/ta-p/2695,https://community.canvaslms.com/t5/Svenska-Instrukt%C3%B6r-Guide/Vilka-layoutalternativ-finns-f%C3%B6r-kurshemsidan-som-instrukt%C3%B6r/ta-p/442076,https://community.canvaslms.com/t5/%E6%8C%87%E5%8D%97%E4%B8%AD%E6%96%87%E7%89%88-%E8%AE%B2%E5%B8%88%E6%8C%87%E5%8D%97-instructor/%E4%BD%9C%E4%B8%BA%E8%AE%B2%E5%B8%88-%E5%93%AA%E4%BA%9B%E5%B8%83%E5%B1%80%E9%80%89%E9%A1%B9%E5%8F%AF%E7%94%A8%E5%9C%A8%E8%AF%BE%E7%A8%8B%E4%B8%BB%E9%A1%B5/ta-p/440640,https://community.canvaslms.com/t5/Gymraeg-Canllaw-Addysgwyr/Pa-opsiynau-o-ran-cynllun-sydd-ar-gael-ar-dudalen-Hafan-y-Cwrs/ta-p/441747,
instructor_quiz_options,https://community.canvaslms.com/t5/Instructor-Guide/What-options-can-I-set-in-a-quiz/ta-p/683,https://community.canvaslms.com/t5/Dansk-Instrukt%C3%B8r-Guide/Hvilke-muligheder-kan-jeg-indstille-i-en-quiz/ta-p/440250,https://community.canvaslms.com/t5/Gu%C3%ADa-del-Instructor/Qu%C3%A9-opciones-puedo-establecer-en-un-examen/ta-p/2234,https://community.canvaslms.com/t5/Francais-Guide-de-l-instructeur/Quelles-options-puis-je-configurer-dans-un-questionnaire/ta-p/439401,https://community.canvaslms.com/t5/Nederlands-Instructeur-Gids/Welke-opties-kan-ik-in-een-toets-gebruiken/ta-p/439853,https://community.canvaslms.com/t5/Norsk-Instrukt%C3%B8r-Guiden/Hvilke-alternativer-kan-jeg-velge-i-en-test/ta-p/441154,https://community.canvaslms.com/t5/Guia-do-Instrutor/Quais-op%C3%A7%C3%B5es-posso-configurar-em-um-question%C3%A1rio/ta-p/2720,https://community.canvaslms.com/t5/Svenska-Instrukt%C3%B6r-Guide/Vilka-alternativ-finns-att-st%C3%A4lla-in-i-en-quiz/ta-p/442042,https://community.canvaslms.com/t5/%E6%8C%87%E5%8D%97%E4%B8%AD%E6%96%87%E7%89%88-%E8%AE%B2%E5%B8%88%E6%8C%87%E5%8D%97-instructor/%E5%9C%A8%E6%B5%8B%E9%AA%8C%E9%87%8C%E6%88%91%E5%8F%AF%E8%AE%BE%E7%BD%AE%E5%93%AA%E4%BA%9B%E9%80%89%E9%A1%B9/ta-p/440478,https://community.canvaslms.com/t5/Gymraeg-Canllaw-Addysgwyr/Pa-opsiynau-alla-i-eu-gosod-mewn-cwis/ta-p/441787,
instructor_guide,https://community.canvaslms.com/t5/Instructor-Guide/tkb-p/Instructor,https://community.canvaslms.com/t5/Dansk-Instrukt%C3%B8r-Guide/tkb-p/danish_instructor,https://community.canvaslms.com/t5/Gu%C3%ADa-del-Instructor/tkb-p/instructor_espanol,https://community.canvaslms.com/t5/Francais-Guide-de-l-instructeur/tkb-p/french_instructor,https://community.canvaslms.com/t5/Nederlands-Instructeur-Gids/tkb-p/dutch_instructor,https://community.canvaslms.com/t5/Norsk-Instrukt%C3%B8r-Guiden/tkb-p/norwegian_instructor,https://community.canvaslms.com/t5/Guia-do-Instrutor/tkb-p/instructor_portuguese,https://community.canvaslms.com/t5/Svenska-Instrukt%C3%B6r-Guide/tkb-p/swedish_instructor,https://community.canvaslms.com/t5/%E6%8C%87%E5%8D%97%E4%B8%AD%E6%96%87%E7%89%88-%E8%AE%B2%E5%B8%88%E6%8C%87%E5%8D%97-instructor/tkb-p/chinese_instructor,https://community.canvaslms.com/t5/Gymraeg-Canllaw-Addysgwyr/tkb-p/welsh_instructor,
instructor_guide_speedgrader,https://community.canvaslms.com/t5/Instructor-Guide/tkb-p/Instructor#SpeedGrader,https://community.canvaslms.com/t5/Dansk-Instrukt%C3%B8r-Guide/tkb-p/danish_instructor#SpeedGrader,https://community.canvaslms.com/t5/Gu%C3%ADa-del-Instructor/tkb-p/instructor_espanol#SpeedGrader,https://community.canvaslms.com/t5/Francais-Guide-de-l-instructeur/tkb-p/french_instructor#SpeedGrader,https://community.canvaslms.com/t5/Nederlands-Instructeur-Gids/tkb-p/dutch_instructor,https://community.canvaslms.com/t5/Norsk-Instrukt%C3%B8r-Guiden/tkb-p/norwegian_instructor#SpeedGrader,https://community.canvaslms.com/t5/Guia-do-Instrutor/tkb-p/instructor_portuguese#SpeedGrader,https://community.canvaslms.com/t5/Svenska-Instrukt%C3%B6r-Guide/tkb-p/swedish_instructor#SpeedGrader,https://community.canvaslms.com/t5/%E6%8C%87%E5%8D%97%E4%B8%AD%E6%96%87%E7%89%88-%E8%AE%B2%E5%B8%88%E6%8C%87%E5%8D%97-instructor/tkb-p/chinese_instructor#SpeedGrader,https://community.canvaslms.com/t5/Gymraeg-Canllaw-Addysgwyr/tkb-p/welsh_instructor#SpeedGrader,
new_quizzes_feature_comparison,https://community.canvaslms.com/t5/New-Quizzes-Users/New-Quizzes-Feature-Comparison/ta-p/243761,,,,,,,,,,
resource_course_content_distribution_comparison,https://community.canvaslms.com/t5/Resource-Documents/Blueprint-Courses-and-Canvas-Commons-Comparison-PDF/ta-p/387051,,,,,,,,,,
resource_pairing_codes_faq,https://community.canvaslms.com/t5/Resource-Documents/Pairing-Codes-FAQ-PDF/ta-p/388738,,,,,,,,,,
basics_find_url,https://community.canvaslms.com/t5/Canvas-Basics-Guide/Where-do-I-find-my-institution-s-URL-to-access-Canvas/ta-p/82,https://community.canvaslms.com/t5/Dansk-Grundl%C3%A6ggende-Guide/Hvor-finder-jeg-min-institutions-URL-for-at-f%C3%A5-adgang-til-Canvas/ta-p/439571,https://community.canvaslms.com/t5/Gu%C3%ADa-del-Esencial/D%C3%B3nde-encuentro-la-URL-de-mi-instituci%C3%B3n-para-acceder-a-Canvas/ta-p/1599,https://community.canvaslms.com/t5/Francais-Informations-G%C3%A9n%C3%A9rale/O%C3%B9-puis-je-trouver-l-URL-de-mon-institution-pour-acc%C3%A9der-%C3%A0/ta-p/439412,https://community.canvaslms.com/t5/Nederlands-Basis-Gids/Waar-vind-ik-de-URL-voor-mijn-organisatie-om-toegang-te-krijgen/ta-p/439747,https://community.canvaslms.com/t5/Norsk-Grunnleggende-Guiden/Hvor-finner-jeg-URLen-til-min-institusjon-for-%C3%A5-f%C3%A5-tilgang-til/ta-p/441012,https://community.canvaslms.com/t5/Guia-B%C3%A1sico/Onde-encontrar-a-URL-da-minha-institui%C3%A7%C3%A3o-para-acessar-o-Canvas/ta-p/1643,https://community.canvaslms.com/t5/Svenska-Grundl%C3%A4ggande/Var-hittar-jag-min-institutions-URL-f%C3%B6r-att-g%C3%A5-till-Canvas/ta-p/441379,https://community.canvaslms.com/t5/%E6%8C%87%E5%8D%97%E4%B8%AD%E6%96%87%E7%89%88-%E5%9F%BA%E6%9C%AC%E6%8C%87%E5%8D%97-basics/%E6%88%91%E8%AF%A5%E5%9C%A8%E5%93%AA%E9%87%8C%E6%9F%A5%E6%89%BE%E6%89%80%E5%9C%A8%E6%9C%BA%E6%9E%84%E7%9A%84-URL-%E7%94%A8%E4%BA%8E%E8%AE%BF%E9%97%AE-Canvas/ta-p/440229,https://community.canvaslms.com/t5/Gymraeg-Nodweddion-Sylfaenol/Ble-ydw-i-n-dod-o-hyd-i-URL-fy-sefydliad-er-mwyn-defnyddio/ta-p/441641,
idea_conversations,https://community.canvaslms.com/t5/Idea-Conversations/idb-p/ideas,,,,,,,,,,
releases_beta_test_schedule,https://community.canvaslms.com/docs/DOC-14787-what-is-the-canvas-release-schedule-for-beta-production-and-test-environments,,,,,,,,,,
admin_test_access,https://community.canvaslms.com/t5/Admin-Guide/How-do-I-access-the-Canvas-test-environment-as-an-admin/ta-p/180,,https://community.canvaslms.com/t5/Gu%C3%ADa-de-Administraci%C3%B3n/C%C3%B3mo-accedo-al-entorno-de-prueba-de-Canvas-como-administrador/ta-p/472981,,,,https://community.canvaslms.com/t5/Guia-do-Administrador/Como-acesso-o-ambiente-de-teste-do-Canvas-como-administrador/ta-p/473070,,,,
instructor_test_access,https://community.canvaslms.com/t5/Instructor-Guide/How-do-I-access-the-Canvas-test-environment-as-an-instructor/ta-p/739,,,,,,,,,,
admin_beta_access,https://community.canvaslms.com/t5/Admin-Guide/How-do-I-access-the-Canvas-beta-environment-as-an-admin/ta-p/111,https://community.canvaslms.com/t5/Dansk-Administrator-Guide/Hvordan-f%C3%A5r-jeg-som-administrator-adgang-til-Canvas-beta-milj%C3%B8/ta-p/439623,https://community.canvaslms.com/t5/Gu%C3%ADa-de-Administraci%C3%B3n/C%C3%B3mo-accedo-al-entorno-beta-de-Canvas-como-administrador/ta-p/2154,https://community.canvaslms.com/t5/Francais-Guide-de-l/Comment-acc%C3%A9der-%C3%A0-l-environnement-b%C3%AAta-de-Canvas-en-tant-qu/ta-p/439209,https://community.canvaslms.com/t5/Nederlands-Beheerders-Gids/Hoe-krijg-ik-als-beheerder-toegang-tot-de-b%C3%A8ta-omgeving-van/ta-p/439828,https://community.canvaslms.com/t5/Norsk-Administrator-Guiden/Hvordan-f%C3%A5r-jeg-tilgang-til-Canvas-betamilj%C3%B8-som-admin/ta-p/441099,https://community.canvaslms.com/t5/Guia-do-Administrador/Como-acessar-o-ambiente-beta-do-Canvas-como-administrador/ta-p/2487,https://community.canvaslms.com/t5/Svenska-Administrat%C3%B6r-Guide/Hur-g%C3%A5r-jag-till-Canvas-betamilj%C3%B6-som-administrat%C3%B6r/ta-p/441452,https://community.canvaslms.com/t5/%E6%8C%87%E5%8D%97%E4%B8%AD%E6%96%87%E7%89%88-%E7%AE%A1%E7%90%86%E5%91%98%E6%8C%87%E5%8D%97-admin/%E4%BD%9C%E4%B8%BA%E7%AE%A1%E7%90%86%E5%91%98-%E6%88%91%E8%AF%A5%E5%A6%82%E4%BD%95%E8%AE%BF%E9%97%AE-Canvas-%E6%B5%8B%E8%AF%95%E7%89%88%E6%9C%AC%E7%8E%AF%E5%A2%83/ta-p/440334,https://community.canvaslms.com/t5/Gymraeg-Canllaw-Gweinyddwyr/Sut-ydw-i-n-cael-mynediad-at-amgylchedd-beta-Canvas-fel/ta-p/441711,
instructor_beta_access,https://community.canvaslms.com/t5/Instructor-Guide/How-do-I-access-the-Canvas-beta-environment-as-an-instructor/ta-p/727,https://community.canvaslms.com/t5/Dansk-Instrukt%C3%B8r-Guide/Hvordan-f%C3%A5r-jeg-som-instrukt%C3%B8r-adgang-til-Canvas-beta-milj%C3%B8/ta-p/440184,https://community.canvaslms.com/t5/Gu%C3%ADa-del-Instructor/C%C3%B3mo-accedo-al-entorno-beta-de-Canvas-como-instructor/ta-p/2200,https://community.canvaslms.com/t5/Francais-Guide-de-l-instructeur/Comment-acc%C3%A9der-%C3%A0-l-environnement-b%C3%AAta-de-Canvas-en-tant-qu/ta-p/439316,https://community.canvaslms.com/t5/Nederlands-Instructeur-Gids/Hoe-krijg-ik-als-cursusleider-toegang-tot-de-b%C3%A8ta-omgeving-van/ta-p/439935,https://community.canvaslms.com/t5/Norsk-Instrukt%C3%B8r-Guiden/Hvordan-f%C3%A5r-jeg-tilgang-til-Canvas-betamilj%C3%B8-som-instrukt%C3%B8r/ta-p/441194,https://community.canvaslms.com/t5/Guia-do-Instrutor/Como-acessar-o-ambiente-beta-do-Canvas-como-instrutor/ta-p/2694,https://community.canvaslms.com/t5/Svenska-Instrukt%C3%B6r-Guide/Hur-g%C3%A5r-jag-till-Canvas-betamilj%C3%B6-som-instrukt%C3%B6r/ta-p/442084,https://community.canvaslms.com/t5/%E6%8C%87%E5%8D%97%E4%B8%AD%E6%96%87%E7%89%88-%E8%AE%B2%E5%B8%88%E6%8C%87%E5%8D%97-instructor/%E4%BD%9C%E4%B8%BA%E8%AE%B2%E5%B8%88-%E6%88%91%E8%AF%A5%E5%A6%82%E4%BD%95%E8%AE%BF%E9%97%AE-Canvas-%E6%B5%8B%E8%AF%95%E7%89%88%E6%9C%AC%E7%8E%AF%E5%A2%83/ta-p/440537,https://community.canvaslms.com/t5/Gymraeg-Canllaw-Addysgwyr/Sut-ydw-i-n-cael-mynediad-i-amgylchedd-beta-Canvas-fel-addysgwr/ta-p/441837,
course_pacing,https://community.canvaslms.com/t5/Course-Pacing-Feature-Preview/gh-p/course_pacing,,,,,,,,,,
differentiation_tags,https://community.canvaslms.com/t5/Differentiation-Tags/gh-p/differentiation_tags,,,,,,,,,,
differentiation_tags_settings,https://community.canvaslms.com/t5/Differentiation-Tags/Differentiation-Tags-FAQ/ta-p/639336#toc-hId-278849060,,,,,,,,,,
